family,architecture,task,system_a,system_b,macro_f1_system_a,macro_f1_system_b,delta_macro_f1_A_minus_B,bootstrap_ci95_low,bootstrap_ci95_high,bootstrap_fraction_delta_gt_0,bootstrap_replicates,bootstrap_seed,randomization_p_two_sided,randomization_extreme_count,randomization_replicates,randomization_seed,bh_q_within_family
INCREMENTAL,V4_FILM_R32,primary_frame,V4_FILM_R32_VERIFIED_CONTEXT,STAGE_A_NO_EVENT,0.4357796658106255,0.4539360175801823,-0.018156351769556822,-0.053272593425981556,0.013074852539346678,0.1419,10000,2026092401,0.3407659234076592,3407,10000,2026092411,0.6291870812918708
INCREMENTAL,V4_FILM_R32,stance,V4_FILM_R32_VERIFIED_CONTEXT,STAGE_A_NO_EVENT,0.4801483512308158,0.4698271747934443,0.01032117643737146,-0.015611171368603403,0.039385249588114644,0.7765,10000,2026092402,0.41945805419458054,4194,10000,2026092412,0.6291870812918708
INCREMENTAL,V4_FILM_R32,misinformation_relation,V4_FILM_R32_VERIFIED_CONTEXT,STAGE_A_NO_EVENT,0.6053528728564597,0.5693613561924165,0.03599151666404321,0.0006337595981722205,0.07991410024047095,0.9782,10000,2026092403,0.08289171082891711,828,10000,2026092413,0.49735026497350265
CONTEXT_SPECIFICITY,V4_FILM_R32,primary_frame,V4_FILM_R32_VERIFIED_CONTEXT,V4_FILM_R32_PERMUTED_CONTEXT,0.4357796658106255,0.427356990646629,0.008422675163996474,-0.005737186846852357,0.02671646788156201,0.8486,10000,2026092421,0.3458654134586541,3458,10000,2026092431,0.9493450654934505
CONTEXT_SPECIFICITY,V4_FILM_R32,stance,V4_FILM_R32_VERIFIED_CONTEXT,V4_FILM_R32_PERMUTED_CONTEXT,0.4801483512308158,0.4807057863260661,-0.0005574350952503027,-0.01888145328193483,0.017115270655342556,0.4428,10000,2026092422,0.7475252474752525,7475,10000,2026092432,0.9493450654934505
CONTEXT_SPECIFICITY,V4_FILM_R32,misinformation_relation,V4_FILM_R32_VERIFIED_CONTEXT,V4_FILM_R32_PERMUTED_CONTEXT,0.6053528728564597,0.6030751154687626,0.002277757387697088,-0.01672426968223985,0.021839492279491092,0.5938,10000,2026092423,0.7911208879112088,7911,10000,2026092433,0.9493450654934505
INCREMENTAL,V4_LR_BILINEAR_R32,primary_frame,V4_LR_BILINEAR_R32_VERIFIED_CONTEXT,STAGE_A_NO_EVENT,0.44172867194802745,0.4539360175801823,-0.012207345632154865,-0.04752152386013738,0.018997891663264963,0.2496,10000,2026092404,0.5296470352964704,5296,10000,2026092414,0.6355764423557645
INCREMENTAL,V4_LR_BILINEAR_R32,stance,V4_LR_BILINEAR_R32_VERIFIED_CONTEXT,STAGE_A_NO_EVENT,0.4667398133859234,0.4698271747934443,-0.0030873614075209166,-0.024040032937154985,0.02186906968775546,0.3867,10000,2026092405,0.8841115888411158,8841,10000,2026092415,0.8841115888411158
INCREMENTAL,V4_LR_BILINEAR_R32,misinformation_relation,V4_LR_BILINEAR_R32_VERIFIED_CONTEXT,STAGE_A_NO_EVENT,0.5901757497458442,0.5693613561924165,0.020814393553427735,-0.013317034278817159,0.0641101255644408,0.8655,10000,2026092406,0.36496350364963503,3649,10000,2026092416,0.6291870812918708
CONTEXT_SPECIFICITY,V4_LR_BILINEAR_R32,primary_frame,V4_LR_BILINEAR_R32_VERIFIED_CONTEXT,V4_LR_BILINEAR_R32_PERMUTED_CONTEXT,0.44172867194802745,0.4417315031833282,-2.8312353007597935e-06,-0.030816086901112698,0.02650694363734085,0.5318,10000,2026092424,1.0,10000,10000,2026092434,1.0
CONTEXT_SPECIFICITY,V4_LR_BILINEAR_R32,stance,V4_LR_BILINEAR_R32_VERIFIED_CONTEXT,V4_LR_BILINEAR_R32_PERMUTED_CONTEXT,0.4667398133859234,0.46052092073789275,0.0062188926480306606,-0.00924520332699246,0.02478794177497534,0.7281,10000,2026092425,0.7550244975502449,7550,10000,2026092435,0.9493450654934505
CONTEXT_SPECIFICITY,V4_LR_BILINEAR_R32,misinformation_relation,V4_LR_BILINEAR_R32_VERIFIED_CONTEXT,V4_LR_BILINEAR_R32_PERMUTED_CONTEXT,0.5901757497458442,0.5949473820446776,-0.004771632298833373,-0.014420520208727994,0.0,0.0,10000,2026092426,0.5005499450054994,5005,10000,2026092436,0.9493450654934505
