task,system,seed,n_docs,macro_f1,balanced_accuracy,accuracy,weighted_f1
primary_frame,XLMR_BASE_SINGLE_TASK,11,199,0.270704129480297,0.3095442202645954,0.5175879396984925,0.4355074208180318
primary_frame,XLMR_BASE_SINGLE_TASK,29,199,0.291859594786424,0.3266012282529759,0.5376884422110553,0.4593658186402395
primary_frame,XLMR_BASE_SINGLE_TASK,47,199,0.349009407716962,0.3761974677149442,0.5879396984924623,0.5219469913238424
primary_frame,XLMR_BASE_SINGLE_TASK,83,199,0.3578741382387483,0.3838109559443745,0.5879396984924623,0.5270258681318591
primary_frame,XLMR_BASE_SINGLE_TASK,131,199,0.290219821122458,0.3255813678128256,0.5376884422110553,0.4585614866919973
stance,XLMR_BASE_SINGLE_TASK,11,199,0.3844536346691519,0.3880512016718913,0.6231155778894473,0.5658359364389516
stance,XLMR_BASE_SINGLE_TASK,29,199,0.5103118617872717,0.5173841866945316,0.6934673366834171,0.6664626327531016
stance,XLMR_BASE_SINGLE_TASK,47,199,0.3834530250860797,0.4007001044932079,0.628140703517588,0.5718167818927397
stance,XLMR_BASE_SINGLE_TASK,83,199,0.4368689291440838,0.4686729362591432,0.678391959798995,0.6268176151019997
stance,XLMR_BASE_SINGLE_TASK,131,199,0.4360570375915644,0.4736729362591431,0.6834170854271356,0.6315771647545607
misinformation_relation,XLMR_BASE_SINGLE_TASK,11,199,0.446037296037296,0.4811403508771929,0.7336683417085427,0.6556031907790701
misinformation_relation,XLMR_BASE_SINGLE_TASK,29,199,0.4005065502183406,0.4493421052631579,0.7085427135678392,0.6212687893616553
misinformation_relation,XLMR_BASE_SINGLE_TASK,47,199,0.431811557580668,0.4633771929824561,0.7085427135678392,0.6333343317177915
misinformation_relation,XLMR_BASE_SINGLE_TASK,83,199,0.5309572720125169,0.5332236842105263,0.7638190954773869,0.7049908862356761
misinformation_relation,XLMR_BASE_SINGLE_TASK,131,199,0.5356239692138538,0.5393640350877194,0.7437185929648241,0.6932104171213406
primary_frame,EVE_FRAME_STAGE_A_NO_EVENT,11,199,0.4284671437124708,0.44366900544436777,0.5778894472361809,0.5567852636871797
primary_frame,EVE_FRAME_STAGE_A_NO_EVENT,29,199,0.2407810525457584,0.2665741417339883,0.35175879396984927,0.3431930350050362
primary_frame,EVE_FRAME_STAGE_A_NO_EVENT,47,199,0.31467129618741985,0.32582195519109414,0.47738693467336685,0.45807441221977413
primary_frame,EVE_FRAME_STAGE_A_NO_EVENT,83,199,0.43883784969005507,0.44249409103415926,0.6080402010050251,0.5977014046829408
primary_frame,EVE_FRAME_STAGE_A_NO_EVENT,131,199,0.34140131462991935,0.36298247157155944,0.5025125628140703,0.47453681061544295
stance,EVE_FRAME_STAGE_A_NO_EVENT,11,199,0.4622222222222222,0.5980181121560432,0.4723618090452261,0.4353433835845896
stance,EVE_FRAME_STAGE_A_NO_EVENT,29,199,0.48010260142414773,0.5607105538140021,0.49748743718592964,0.5091962014791627
stance,EVE_FRAME_STAGE_A_NO_EVENT,47,199,0.367810520303106,0.5143486590038314,0.38190954773869346,0.33438716231996213
stance,EVE_FRAME_STAGE_A_NO_EVENT,83,199,0.4313991380346929,0.6202055033089515,0.44221105527638194,0.3574955205334874
stance,EVE_FRAME_STAGE_A_NO_EVENT,131,199,0.4452826043971429,0.5442911877394636,0.457286432160804,0.46604421918210126
misinformation_relation,EVE_FRAME_STAGE_A_NO_EVENT,11,199,0.5729963575589647,0.6140350877192983,0.6432160804020101,0.6651993228305321
misinformation_relation,EVE_FRAME_STAGE_A_NO_EVENT,29,199,0.5598311903268025,0.5979166666666667,0.6381909547738693,0.6512288953133758
misinformation_relation,EVE_FRAME_STAGE_A_NO_EVENT,47,199,0.5609888258090904,0.6030701754385965,0.6432160804020101,0.6472245937912425
misinformation_relation,EVE_FRAME_STAGE_A_NO_EVENT,83,199,0.5525445116681071,0.5830043859649123,0.6633165829145728,0.6580324266101467
misinformation_relation,EVE_FRAME_STAGE_A_NO_EVENT,131,199,0.4347872414984614,0.49901315789473677,0.5125628140703518,0.5085444401111592
