task,model,fold,n_train,n_test,macro_f1,balanced_accuracy,accuracy,weighted_f1
primary_frame,TFIDF_Word_LogReg,1,149,50,0.30074074074074075,0.3228395061728395,0.38,0.38
primary_frame,TFIDF_Word_LogReg,2,149,50,0.2935265700483092,0.34012345679012346,0.52,0.46074202898550726
primary_frame,TFIDF_Word_LogReg,3,149,50,0.29419191919191917,0.279320987654321,0.36,0.38387878787878793
primary_frame,TFIDF_Word_LogReg,4,150,49,0.3384298471254993,0.37037037037037035,0.5102040816326531,0.47398602580501425
primary_frame,TFIDF_Word_LinearSVM,1,149,50,0.4598845598845599,0.4561728395061728,0.6,0.5871341991341992
primary_frame,TFIDF_Word_LinearSVM,2,149,50,0.5026029526029526,0.5018518518518519,0.72,0.6883193473193472
primary_frame,TFIDF_Word_LinearSVM,3,149,50,0.4408631732588175,0.44753086419753085,0.6,0.5767857574971912
primary_frame,TFIDF_Word_LinearSVM,4,150,49,0.41099592415381886,0.4305555555555556,0.5918367346938775,0.5504182534257722
primary_frame,TFIDF_WordChar_LinearSVM,1,149,50,0.49769339834699317,0.5104938271604937,0.64,0.6242950513538749
primary_frame,TFIDF_WordChar_LinearSVM,2,149,50,0.5208646973559254,0.5055555555555555,0.7,0.6808230319388214
primary_frame,TFIDF_WordChar_LinearSVM,3,149,50,0.4615087414276055,0.45524691358024694,0.62,0.6043098618757847
primary_frame,TFIDF_WordChar_LinearSVM,4,150,49,0.4331771824525447,0.4521604938271605,0.6326530612244898,0.586528102677171
stance,TFIDF_Word_LogReg,1,149,50,0.4222941970310391,0.510909090909091,0.52,0.5176788124156545
stance,TFIDF_Word_LogReg,2,149,50,0.49142857142857144,0.5090909090909091,0.64,0.6392380952380953
stance,TFIDF_Word_LogReg,3,149,50,0.4493976309059093,0.4672727272727272,0.58,0.580184075918697
stance,TFIDF_Word_LogReg,4,150,49,0.4855011655011655,0.5233766233766234,0.5918367346938775,0.5784406070120356
stance,TFIDF_Word_LinearSVM,1,149,50,0.5395073375262054,0.5636363636363637,0.66,0.6280828092243186
stance,TFIDF_Word_LinearSVM,2,149,50,0.47570391872278667,0.4781818181818182,0.64,0.6157793904208998
stance,TFIDF_Word_LinearSVM,3,149,50,0.5881481481481481,0.5545454545454546,0.64,0.6192592592592593
stance,TFIDF_Word_LinearSVM,4,150,49,0.4807692307692307,0.4564502164502164,0.5918367346938775,0.5676347462061747
stance,TFIDF_WordChar_LinearSVM,1,149,50,0.5354395604395604,0.5336363636363637,0.66,0.6333241758241758
stance,TFIDF_WordChar_LinearSVM,2,149,50,0.5164073745440205,0.5254545454545455,0.68,0.6567918761707583
stance,TFIDF_WordChar_LinearSVM,3,149,50,0.5735549565738245,0.5436363636363637,0.62,0.6000748727163822
stance,TFIDF_WordChar_LinearSVM,4,150,49,0.42221553884711777,0.41281385281385286,0.5918367346938775,0.5602127768400593
misinformation_relation,TFIDF_Word_LogReg,1,149,50,0.5852490421455938,0.6,0.68,0.691632183908046
misinformation_relation,TFIDF_Word_LogReg,2,149,50,0.5468409586056645,0.6,0.72,0.6915032679738562
misinformation_relation,TFIDF_Word_LogReg,3,149,50,0.5576923076923077,0.5833333333333334,0.76,0.7246153846153847
misinformation_relation,TFIDF_Word_LogReg,4,150,49,0.4874542124542124,0.4731884057971015,0.6122448979591837,0.6089033415564028
misinformation_relation,TFIDF_Word_LinearSVM,1,149,50,0.5057471264367817,0.50625,0.74,0.6829885057471264
misinformation_relation,TFIDF_Word_LinearSVM,2,149,50,0.49569752281616686,0.49999999999999994,0.72,0.6692777053455019
misinformation_relation,TFIDF_Word_LinearSVM,3,149,50,0.496875,0.5208333333333333,0.76,0.69525
misinformation_relation,TFIDF_Word_LinearSVM,4,150,49,0.532204433497537,0.5083333333333333,0.7142857142857143,0.6776666331557253
misinformation_relation,TFIDF_WordChar_LinearSVM,1,149,50,0.6202020202020202,0.5895833333333333,0.78,0.748121212121212
misinformation_relation,TFIDF_WordChar_LinearSVM,2,149,50,0.5901419672606114,0.55,0.74,0.7079443720121686
misinformation_relation,TFIDF_WordChar_LinearSVM,3,149,50,0.5111607142857143,0.53125,0.78,0.7098214285714286
misinformation_relation,TFIDF_WordChar_LinearSVM,4,150,49,0.594704433497537,0.55,0.7346938775510204,0.7075500150799235
