task,representation,condition,macro_f1_oof,balanced_accuracy_oof,weighted_f1_oof,accuracy_oof
primary_frame,XLMR_BASE,ORIGINAL,0.49270580762854554,0.4957555808152569,0.6342887866561392,0.6482412060301508
primary_frame,XLMR_BASE,AXIS_REMOVED,0.47530113245984507,0.48864187381877067,0.610335431137555,0.6331658291457286
primary_frame,XLMR_DAPT_INDUCTIVE,ORIGINAL,0.4537083952638543,0.4600077470601767,0.5909203784140871,0.6080402010050251
primary_frame,XLMR_DAPT_INDUCTIVE,AXIS_REMOVED,0.46278105237770756,0.4696412220282638,0.591830999992689,0.6130653266331658
stance,XLMR_BASE,ORIGINAL,0.54731537575774,0.5472222222222223,0.63916337519545,0.6432160804020101
stance,XLMR_BASE,AXIS_REMOVED,0.5826750700280112,0.5805607802159527,0.6875624621707981,0.6934673366834171
stance,XLMR_DAPT_INDUCTIVE,ORIGINAL,0.5583181449627816,0.5549756182514802,0.6476573550755791,0.6532663316582915
stance,XLMR_DAPT_INDUCTIVE,AXIS_REMOVED,0.595758896151053,0.5913131313131312,0.6693379752794473,0.6733668341708543
misinformation_relation,XLMR_BASE,ORIGINAL,0.6327839024250743,0.6282894736842105,0.7561696753039965,0.7688442211055276
misinformation_relation,XLMR_BASE,AXIS_REMOVED,0.621912894273879,0.612609649122807,0.7384563226611423,0.7537688442211056
misinformation_relation,XLMR_DAPT_INDUCTIVE,ORIGINAL,0.6145453343906953,0.6095394736842106,0.7457881530305506,0.7638190954773869
misinformation_relation,XLMR_DAPT_INDUCTIVE,AXIS_REMOVED,0.6279839790793399,0.6157894736842106,0.7445272698601196,0.7587939698492462
