permutation_id,base_perm_axis_removed_macro_f1,dapt_perm_axis_removed_macro_f1,gap_DAPT_minus_BASE_perm_axis,recovery_vs_original_gap,base_effect_vs_original,dapt_effect_vs_original,mean_perm_axis_norm_BASE,mean_perm_axis_norm_DAPT
0,0.4731774761186526,0.46444819779798874,-0.008729278320663836,0.030268134044027367,-0.019528331509892916,0.010739802534134424,0.08952531218528748,0.09269807673990726
1,0.47444017359327023,0.46607951475420795,-0.008360658839062285,0.030636753525628918,-0.018265634035275258,0.012371119490353633,0.15613721683621407,0.1660829596221447
2,0.46000306855109535,0.4432879594169917,-0.01671510913410368,0.022282303230587525,-0.03270273907745014,-0.010420435846862641,0.18227650225162506,0.19415366277098656
3,0.4676648406060171,0.4453076228320039,-0.02235721777401317,0.01664019459067803,-0.025040967022528393,-0.00840077243185039,0.12301750667393208,0.1296589132398367
4,0.48275107673575274,0.4654631501791406,-0.017287926556612154,0.02170948580807905,-0.009954730892792751,0.01175475491528627,0.06356860604137182,0.06524166744202375
5,0.4553557578203428,0.4470361037525217,-0.008319654067821147,0.030677758296870056,-0.03735004980820267,-0.00667229151133264,0.09249424189329147,0.09664702042937279
6,0.5112804749791051,0.49649574030213894,-0.014784734676966171,0.02421267768772503,0.018574667350559626,0.04278734503828463,0.07709433231502771,0.08007042668759823
7,0.49620221872940334,0.4817299800005862,-0.014472238728817144,0.02452517363587406,0.0034964111008578547,0.028021584736731886,0.17376461625099182,0.18546387739479542
8,0.47703399329750806,0.4404062073177484,-0.036627785979759686,0.002369626384931517,-0.015671814331037426,-0.013302187946105937,0.09996365755796432,0.10291014797985554
9,0.4883033230859318,0.4739569631277802,-0.014346359958151589,0.024651052406539614,-0.004402484542613716,0.02024856786392587,0.09341449849307537,0.09773262962698936
10,0.48858629399409537,0.4685416690892283,-0.02004462490486708,0.018952787459824122,-0.004119513634450123,0.014833273825373972,0.11363676190376282,0.11956015042960644
11,0.48643422853949164,0.4534481473416977,-0.03298608119779395,0.006011331166897255,-0.006271579089053847,-0.00026024792215662007,0.07970539294183254,0.08195374347269535
12,0.4797344027571467,0.4559163696299925,-0.023818033127154192,0.01517937923753701,-0.012971404871398806,0.0022079743661381768,0.11801867745816708,0.12461871281266212
13,0.48719135933675606,0.441473309120368,-0.045718050216388084,-0.006720637851696881,-0.005514448291789431,-0.01223508614348634,0.06844781991094351,0.06926063448190689
14,0.4823948126942929,0.45530094130793786,-0.02709387138635505,0.011903540978336152,-0.010310994934252582,0.0015925460440835426,0.09476015530526638,0.09859853982925415
15,0.4937825711862504,0.4738978087555323,-0.019884762430718128,0.019112649933973075,0.0010767635577049184,0.020189413491677966,0.08513614721596241,0.08715146221220493
16,0.48255973297296617,0.46014506836372093,-0.02241466460924524,0.016582747755445965,-0.010146074655579318,0.006436673099866619,0.09604554250836372,0.10091167502105236
17,0.491879552118148,0.45693230600264534,-0.03494724611550265,0.004050166249188553,-0.0008262555103975,0.003223910738791025,0.08274959865957499,0.08545505255460739
18,0.4970211998704321,0.4678915546224641,-0.02912964524796796,0.009867767116723242,0.004315392241886595,0.01418315935860981,0.07681223750114441,0.0776786133646965
19,0.47546165369767945,0.46212421744250914,-0.01333743625517031,0.025659976109520893,-0.017244153930866035,0.00841582217865483,0.11880450323224068,0.12505529634654522
20,0.5093250332338355,0.46333451128252773,-0.04599052195130776,-0.006993109586616558,0.01661922560529,0.009626116018673414,0.10169737227261066,0.10651687905192375
21,0.4841282298090079,0.47023277218523396,-0.013895457623773921,0.02510195474091728,-0.008577577819537607,0.016524376921379647,0.15208232589066029,0.16197865828871727
22,0.4967061151708018,0.487288567091167,-0.009417548079634797,0.029579864285056406,0.004000307542256332,0.03358017182731271,0.13214243948459625,0.13976206444203854
23,0.4899191932440014,0.45275702006307295,-0.03716217318092846,0.0018352391837627435,-0.002786614384544084,-0.0009513752007813681,0.08257316239178181,0.08598268963396549
24,0.488043357608575,0.45510326340001495,-0.03294009420856003,0.0060573181561311695,-0.00466245001997051,0.0013948681361606319,0.09336848184466362,0.09763939119875431
25,0.49776334776334774,0.48484911779993745,-0.012914229963410295,0.026083182401280908,0.005057540134802252,0.031140722536083132,0.06572133302688599,0.06721392460167408
26,0.48538080150983376,0.4825963896295661,-0.0027844118802676787,0.036213000484423524,-0.00732500611871173,0.028887994365711767,0.07486230973154306,0.07669680006802082
27,0.470278613585388,0.45324781948029524,-0.017030794105092728,0.021966618259598475,-0.022427194043157517,-0.0004605757835590696,0.10872971639037132,0.11350980773568153
28,0.4897217773699862,0.4515887056135355,-0.0381330717564507,0.0008643406082405047,-0.0029840302585593115,-0.0021196896503188345,0.10139487870037556,0.10577084869146347
29,0.4982546160089167,0.47876522070015226,-0.019489395308764423,0.01950801705592678,0.005548808380371195,0.025056825436297947,0.11939588841050863,0.12567220721393824
30,0.4978357141919055,0.4755615620553199,-0.022274152136585568,0.016723260228105635,0.005129906563359987,0.021853166791465595,0.20883700996637344,0.22112589329481125
31,0.4766445075196869,0.45444282312189554,-0.022201684397791355,0.016795727966899848,-0.01606130010885859,0.0007344278580412311,0.16089329682290554,0.17347415909171104
32,0.4911320847220192,0.4699283206155114,-0.021203764106507816,0.017793648258183387,-0.001573722906526298,0.01621992535165706,0.09419655427336693,0.09880167804658413
33,0.497488529442103,0.47496103815975055,-0.02252749128235243,0.016469921082338773,0.004782721813557489,0.021252642895896234,0.13272283785045147,0.13828865438699722
34,0.474808883805795,0.452219893396364,-0.02258899040943102,0.016408421955260183,-0.017896923822750488,-0.0014885018674903328,0.12984546832740307,0.13632682338356972
35,0.49121367836087526,0.4595076454491919,-0.031706032911683335,0.007291379453007868,-0.001492129267670228,0.005799250185337612,0.09704025741666555,0.10218136478215456
36,0.4941445610250707,0.46113877386179425,-0.03300578716327646,0.005991625201414746,0.0014387533965252164,0.007430378597939935,0.08886296860873699,0.09133219160139561
37,0.4915507868946541,0.46034761930364687,-0.03120316759100722,0.007794244773683984,-0.0011550207338913987,0.006639224039792557,0.15863532945513725,0.16867253184318542
38,0.49606827121455027,0.4700389688710131,-0.026029302343537175,0.012968110021154028,0.0033624635860047825,0.016330573607158783,0.07809874787926674,0.08109166100621223
39,0.4814280819580725,0.46594371490463804,-0.015484367053434478,0.023513045311256725,-0.011277725670472971,0.012235319640783726,0.11256835050880909,0.11875397711992264
40,0.48938531386219597,0.45395212056888024,-0.035433193293315735,0.0035642190713754685,-0.0033204937663495193,0.00024372530502592138,0.1184342484921217,0.12503564171493053
41,0.46709452928377815,0.4569698275984012,-0.010124701685376936,0.028872710679314267,-0.02561127834476734,0.0032614323345468987,0.09466440044343472,0.09736208617687225
42,0.4958539587043864,0.45055011741648776,-0.04530384128789866,-0.006306428923207458,0.0031481510758409326,-0.003158277847366553,0.08291466254740953,0.086841631680727
43,0.5090465897307329,0.46787177666645363,-0.04117481306427928,-0.002177400699588078,0.016340782102187423,0.014163381402599318,0.12774751707911491,0.13532854802906513
44,0.49629198589672746,0.4640507198253677,-0.03224126607135974,0.006756146293331461,0.003586178268181972,0.010342324561513405,0.10095008462667465,0.10625903308391571
45,0.49005721171734123,0.4701859310368017,-0.01987128068053956,0.019126131684151643,-0.0026485959112042545,0.01647753577294736,0.15716144815087318,0.16790812835097313
46,0.48695160969693263,0.4746276834092563,-0.012323926287676312,0.02667348607701489,-0.005754197931612859,0.020919288145402004,0.10283732414245605,0.10843506082892418
47,0.4876296928657173,0.4560559476620485,-0.03157374520366879,0.0074236671610224125,-0.00507611476282821,0.002347552398194175,0.11891691572964191,0.12613720074295998
48,0.4627682515409326,0.4461723696446712,-0.016595881896261377,0.022401530468429826,-0.029937556087612893,-0.0075360256191830954,0.14316999725997448,0.15089622884988785
49,0.4880023392644752,0.4860514577994793,-0.001950881464995946,0.03704653089969526,-0.004703468364070262,0.03234306253562497,0.09149849601089954,0.09560278430581093
50,0.4924998671152745,0.4505465071431616,-0.041953359972112914,-0.0029559476074217106,-0.00020594051327099683,-0.003161888120692735,0.08620265126228333,0.08728469721972942
51,0.48356795034060795,0.4584787567246831,-0.025089193615924876,0.013908218748766327,-0.009137857287937534,0.004770361460828765,0.19824272766709328,0.21248431503772736
52,0.47045878848396083,0.46960108506828313,-0.0008577034156777019,0.0381397089490135,-0.022247019144584657,0.015892689804428817,0.1537444181740284,0.1629394069314003
53,0.48768846982648006,0.47858025101825535,-0.00910821880822471,0.029889193556466492,-0.005017337802065425,0.02487185575440104,0.09938449785113335,0.1039724312722683
54,0.48141694725028056,0.4595339972686656,-0.02188294998161494,0.017114462383076262,-0.011288860378264931,0.005825602004811303,0.08911333605647087,0.09186065569519997
55,0.47947206030800427,0.4706617174575831,-0.008810342850421149,0.030187069514270054,-0.013233747320541223,0.016953322193728804,0.1326259896159172,0.1366129145026207
56,0.4729980269681708,0.4601886159648391,-0.012809411003331661,0.026188001361359542,-0.019707780660374707,0.006480220700984807,0.1650419980287552,0.17490076273679733
57,0.46267313494318113,0.43952326329253805,-0.023149871650643083,0.01584754071404812,-0.03003267268536436,-0.014185131971316267,0.1634044125676155,0.17492827586829662
58,0.49080181727240546,0.4460853396770709,-0.044716477595334536,-0.005719065230643333,-0.0019039903561400284,-0.007623055586783389,0.07513163425028324,0.07674311939626932
59,0.4762725606516456,0.4586903091380703,-0.017582251513575287,0.021415160851115916,-0.016433246976899907,0.004981913874215982,0.09873974695801735,0.1034079771488905
60,0.4644588844096791,0.45967538661468826,-0.004783497794990821,0.03421391456970038,-0.028246923218866404,0.00596699135083395,0.15787499025464058,0.1667981967329979
61,0.49559396158760216,0.4720585265175969,-0.023535435070005273,0.01546197729468593,0.002888153959056672,0.018350131253742574,0.14531544223427773,0.15363482758402824
62,0.4908539454193537,0.4667812334479001,-0.024072711971453553,0.01492470039323765,-0.0018518622091918124,0.01307283818404581,0.12701393477618694,0.13451944664120674
63,0.4890736242145193,0.46139927101612405,-0.02767435319839523,0.011323059166295973,-0.0036321834140262133,0.007690875752269732,0.09325235337018967,0.09498269110918045
64,0.4996618672865265,0.47388379782306816,-0.025778069463458342,0.013219342901232861,0.0069560596579810174,0.02017540255921385,0.08564274571835995,0.08758098632097244
65,0.5010931422168503,0.4650011173833073,-0.03609202483354301,0.0029053875311481903,0.008387334588304818,0.01129272211945298,0.11759552359580994,0.12491377256810665
66,0.5274619140140698,0.5004712292676153,-0.026990684746454496,0.012006727618236707,0.034756106385524344,0.04676283400376102,0.19485235959291458,0.20996825397014618
67,0.4695798422556787,0.46036876857229925,-0.009211073683379478,0.029786338681311725,-0.023125965372866764,0.0066603733084449335,0.24313681572675705,0.2612127922475338
68,0.47857527139782874,0.463578349559658,-0.014996921838170751,0.02400049052652045,-0.01413053623071675,0.009869954295803673,0.08249943144619465,0.08494727127254009
69,0.4789085038287977,0.45760269778346985,-0.021305806045327835,0.017691606319363368,-0.013797303799747807,0.0038943025196155334,0.07564936950802803,0.0789632573723793
70,0.501846246040609,0.48461422215464606,-0.017232023885962955,0.021765388478728248,0.009140438412063523,0.030905826890791743,0.06197864282876253,0.06325249653309584
71,0.4932965886575261,0.4579527257104801,-0.035343862947046,0.003653549417645202,0.0005907810289806359,0.00424433044662581,0.09169518575072289,0.09363707341253757
72,0.4659710804044598,0.44782370999765814,-0.018147370406801644,0.02085004195788956,-0.026734727224085708,-0.005884685266196177,0.09966024570167065,0.10365216992795467
73,0.45913973638615896,0.4479029930845378,-0.011236743301621166,0.027760669063070037,-0.03356607124238653,-0.005805402179316521,0.10033202916383743,0.10611408948898315
74,0.4847393201286022,0.48905076296607014,0.004311442837467927,0.04330885520215913,-0.007966487499943276,0.03534236770221583,0.11505741998553276,0.12084012851119041
75,0.49669959596503177,0.4740693150739981,-0.022630280891033694,0.01636713147365751,0.003993788336486281,0.020360919810143763,0.07531337067484856,0.0778978206217289
76,0.4604724993875938,0.44804974980872586,-0.012422749578867964,0.02657466278582324,-0.032233308240951664,-0.005658645455128453,0.12424775771796703,0.13016104884445667
77,0.47930746276999514,0.46661690492868463,-0.012690557841310512,0.02630685452338069,-0.013398344858550348,0.012908509664830314,0.13115238584578037,0.1397844161838293
78,0.4674704841869021,0.45660715137503566,-0.010863332811866466,0.028134079552824737,-0.025235323441643365,0.0028987561111813442,0.2365279234945774,0.2508937940001488
79,0.5040706849768407,0.47662653377343983,-0.02744415120340088,0.011553261161290324,0.011364877348295221,0.022918138509585517,0.09390174224972725,0.09920228645205498
80,0.48249975156905056,0.47473719303633516,-0.007762558532715402,0.0312348538319758,-0.010206056059494928,0.021028797772480845,0.14376165345311165,0.1526065729558468
81,0.4878224535949285,0.47736827724248493,-0.010454176352443556,0.028543236012247647,-0.0048833540336170045,0.023659881978630615,0.09169971384108067,0.0947409775108099
82,0.49716241409234424,0.473785265735104,-0.02337714835724025,0.015620264007450951,0.004456606463798751,0.020076870471249675,0.08174251951277256,0.08498244546353817
83,0.4930047852767587,0.47612232273893856,-0.01688246253782011,0.022114949826871094,0.0002989776482131834,0.02241392747508425,0.08607679232954979,0.0889412984251976
84,0.48777121198555523,0.4683749549454322,-0.019396257040123044,0.01960115532456816,-0.004934595642990258,0.014666559681577873,0.09601251594722271,0.10059756971895695
85,0.48320592878891794,0.4775134449691887,-0.005692483819729255,0.03330492854496195,-0.009499878839627551,0.02380504970533437,0.16260631754994392,0.17165600135922432
86,0.489828615184426,0.4617304855675362,-0.02809812961688979,0.010899282747801414,-0.002877192444119492,0.008022090303681895,0.09488163702189922,0.09881953708827496
87,0.4944250012629008,0.4655447378618367,-0.028880263401064088,0.010117148963627115,0.0017191936343552983,0.011836342597982386,0.1192933451384306,0.12701419927179813
88,0.4914408480194223,0.47798695900759175,-0.013453889011830533,0.02554352335286067,-0.0012649596091232063,0.024278563743737436,0.07564716599881649,0.07770196720957756
89,0.47382422939450375,0.4718844732691411,-0.0019397561253626239,0.03705765623932858,-0.01888157823404174,0.01817607800528681,0.13476409390568733,0.14279088750481606
90,0.4885366840563974,0.4640521319265766,-0.024484552129820758,0.014512860234870445,-0.0041691235721481035,0.010343736662722314,0.0916143786162138,0.09303650073707104
91,0.4937355534045574,0.4742792883423557,-0.01945626506220166,0.019541147302489542,0.0010297457760118922,0.020570893078501407,0.11828746274113655,0.12363003753125668
92,0.4634661589373952,0.47154646805279476,0.008080309115399587,0.04707772148009079,-0.02923964869115031,0.01783807278894045,0.07396493293344975,0.07555394992232323
93,0.4755614503476447,0.4582485683904623,-0.01731288195718239,0.021684530407508812,-0.0171443572809008,0.0045401731266079826,0.10335389710962772,0.11005543917417526
94,0.4845696786873257,0.45010017248485185,-0.034469506202473854,0.004527906162217349,-0.008136128941219789,-0.003608222779002468,0.09393883123993874,0.09829664416611195
95,0.47300373541249385,0.4743401441158025,0.0013364087033086447,0.04033382106799985,-0.019702072216051636,0.020631748851948184,0.08923589438199997,0.09263607487082481
96,0.4547478203288821,0.4570160174007213,0.002268197071839173,0.041265609436530376,-0.037957987299663376,0.0033076221368669723,0.0770839061588049,0.07873201556503773
97,0.47393965102885294,0.43257212092828534,-0.041367530100567595,-0.0023701177358763925,-0.01876615659969255,-0.021136274335568972,0.09968918934464455,0.10573765635490417
98,0.48265491947246975,0.4501120250778254,-0.03254289439464436,0.006454517970046841,-0.010050888156075743,-0.00359637018602893,0.13854147866368294,0.1468870285898447
99,0.47957341844809875,0.46654742732884574,-0.013025991119253011,0.025971421245438192,-0.013132389180446735,0.012839032064991429,0.07903271727263927,0.08200492151081562
100,0.48339412729656633,0.4594426347880568,-0.02395149250850953,0.015045919856181672,-0.009311680331979155,0.005734239524202489,0.08272455725818872,0.08670015074312687
101,0.47191627333748953,0.4540895291018343,-0.017826744235655223,0.02117066812903598,-0.020789534291055956,0.00038113383797999667,0.06615675520151854,0.06808818131685257
102,0.47991358126696476,0.47358915947097796,-0.006324421795986801,0.0326729905687044,-0.012792226361580727,0.019880764207123647,0.13045932538807392,0.13632935099303722
103,0.4684262931761298,0.4677916133174065,-0.0006346798587233415,0.03836273250596786,-0.024279514452415663,0.014083218053552171,0.06998840905725956,0.0702313706278801
104,0.49851634114883975,0.47417139531956415,-0.0243449458292756,0.014652466535415604,0.005810533520294259,0.020463000055709835,0.095714857801795,0.09907158091664314
105,0.49023767364069115,0.47984462651129317,-0.010393047129397981,0.028604365235293222,-0.0024681339878543374,0.026136231247438857,0.11868373490869999,0.1247645653784275
106,0.4963083802404179,0.48203719561326597,-0.014271184627151934,0.02472622773753927,0.003602572611872412,0.028328800349411654,0.08950698003172874,0.09320136345922947
107,0.4823700212388351,0.4439612297540194,-0.038408791484815685,0.0005886208798755177,-0.010335786389710389,-0.009747165509834899,0.08678818587213755,0.09005774650722742
108,0.47749502190362403,0.45247264578618285,-0.02502237611744118,0.013975036247250022,-0.01521078572492146,-0.0012357494776714661,0.08485076762735844,0.0880765188485384
109,0.45892593121670117,0.4475328484727097,-0.011393082743991478,0.027604329620699725,-0.03377987641184432,-0.006175546791144626,0.08781152777373791,0.09175825119018555
110,0.46133686969151594,0.4667304419965714,0.0053935723050554385,0.04439098466974664,-0.03136893793702955,0.013022046732717063,0.11862350720912218,0.1253921501338482
111,0.49348757162870033,0.4835296489292386,-0.009957922699461719,0.029039489665229484,0.0007817640001548387,0.029821253665384295,0.10697606950998306,0.11362035386264324
112,0.4888739801891889,0.4692619887293578,-0.019611991459831057,0.019385420904860146,-0.0038318274393566165,0.015553593465503501,0.0960211381316185,0.09841135703027248
113,0.47518899070004683,0.45667762262560363,-0.018511368074443202,0.020486044290248,-0.017516816928498657,0.002969227361749316,0.13722748309373856,0.14472316205501556
114,0.4768896315721141,0.4639180178395864,-0.012971613732527698,0.026025798632163505,-0.015816176056431375,0.010209622575732102,0.07218023482710123,0.07367260940372944
115,0.4867237328106893,0.46094338728325657,-0.025780345527432746,0.013217066837258457,-0.0059820748178561756,0.007234992019402253,0.07170234061777592,0.07462967187166214
116,0.49058401876536173,0.4865959002945304,-0.003988118470831303,0.0350092938938599,-0.00212178886318376,0.03288750503067611,0.08019405789673328,0.0826541967689991
117,0.48180478270557103,0.45430023861396407,-0.027504544091606964,0.011492868273084239,-0.010901024922974456,0.0005918433501097553,0.08316584769636393,0.08664368465542793
118,0.4923282825721851,0.46220325465608486,-0.030125027916100222,0.00887238444859098,-0.000377525056360406,0.008494859392230547,0.090944429859519,0.09531976655125618
119,0.48535165326210095,0.4718756006565704,-0.01347605260553053,0.025521359759160672,-0.007354154366444543,0.0181672053927161,0.09146505035459995,0.09390868619084358
120,0.47271142271142275,0.4507014218617785,-0.022010000849644273,0.01698741151504693,-0.019994384917122743,-0.003006973402075841,0.07008306868374348,0.07263280171900988
121,0.4806391131288532,0.4588628341172074,-0.021776279011645805,0.017221133353045398,-0.012066694499692276,0.005154438853353094,0.09272026643157005,0.09643418341875076
122,0.491985045682265,0.46468220223276724,-0.027302843449497738,0.011694568915193465,-0.0007207619462805126,0.010973806968912925,0.09051641635596752,0.0933457724750042
123,0.4733469920598013,0.47681149137419293,0.0034644993143916336,0.04246191167908284,-0.019358815568744192,0.023103096110338617,0.07318270485848188,0.07509233895689249
124,0.49875008598695303,0.4768786197792112,-0.02187146620774183,0.017125946156949373,0.00604427835840754,0.023170224515356885,0.08149667270481586,0.08420580998063087
125,0.5046229703511949,0.46638786050550757,-0.03823510984568729,0.0007623025190039157,0.011917162722649366,0.012679465241653254,0.09130738489329815,0.09493205696344376
126,0.4778112954767533,0.46714726785810207,-0.010664027618651206,0.028333384746039997,-0.014894512151792216,0.013438872594247753,0.11028306744992733,0.11511151306331158
127,0.47604682865704095,0.4767041725326796,0.0006573438756386496,0.03965475624032985,-0.016658978971504534,0.02299577726882529,0.10337998159229755,0.10995911806821823
128,0.48056019490837976,0.46556465593423657,-0.014995538974143185,0.024001873390548017,-0.012145612720165733,0.011856260670382257,0.07199740968644619,0.07382289879024029
129,0.4925487951363141,0.44454762089475647,-0.04800117424155764,-0.00900376187686644,-0.0001570124922313787,-0.009160774369097846,0.07433312851935625,0.07650373969227076
130,0.501477429740779,0.4669260691212409,-0.03455136061953812,0.0044460517451530845,0.008771622112233535,0.013217673857386592,0.09308190084993839,0.09688342921435833
131,0.4718030706229249,0.44941167981406377,-0.022391390808861156,0.016606021555830047,-0.020902737005620564,-0.004296715449790545,0.0800014529377222,0.0814248938113451
132,0.4957553483555189,0.4571767381813804,-0.038578610174138495,0.0004188021905527084,0.0030495407269733876,0.0034683429175260683,0.09197647124528885,0.09582194779068232
133,0.4913393769204386,0.47925860326631153,-0.012080773654127075,0.026916638710564128,-0.0013664307081068805,0.02555020800245722,0.10845985636115074,0.11452370882034302
134,0.4729575713592021,0.4571270307970255,-0.015830540562176587,0.023166871802514616,-0.01974823626934341,0.003418635533171177,0.09658464230597019,0.10079139284789562
135,0.4784605135937534,0.46134315271581994,-0.017117360877933474,0.02188005148675773,-0.014245294034792078,0.007634757451965624,0.08565135020762682,0.08974559977650642
136,0.4744235382143878,0.4454951216508797,-0.02892841656350814,0.010068995801183062,-0.01828226941415767,-0.008213273612974636,0.08711104281246662,0.09113950561732054
137,0.5018209644777769,0.47772339308571193,-0.024097571392064976,0.014899840972626227,0.00911515684923142,0.02401499782185762,0.09261260740458965,0.09699639864265919
138,0.4871589572819228,0.4758912657514523,-0.011267691530470525,0.027729720834220678,-0.005546850346622667,0.022182870487597983,0.09638365730643272,0.09909033589065075
139,0.5006076262598002,0.4728766062650636,-0.02773101999473654,0.011266392369954664,0.007901818631254665,0.0191682110012093,0.08923022635281086,0.09194880165159702
140,0.4709524355551188,0.4501734389770764,-0.020778996578042386,0.018218415786648817,-0.021753372073426702,-0.0035349562867779127,0.09039478283375502,0.09467403404414654
141,0.48428672213592006,0.4803002691689653,-0.003986452966954768,0.035010959397736435,-0.008419085492625433,0.026591873905110974,0.08082877099514008,0.08277222327888012
142,0.48358076463578453,0.46907058559507775,-0.014510179040706783,0.02448723332398442,-0.009125042992760957,0.015362190331223435,0.07039445359259844,0.07166680507361889
143,0.4826093181590107,0.47683348667569336,-0.00577583148331734,0.03322158088137386,-0.010096489469534786,0.02312509141183905,0.09637007769197226,0.10050917603075504
144,0.4877933195821995,0.45396917631331085,-0.03382414326888866,0.005173269095802541,-0.004912488046345975,0.0002607810494565377,0.08947542682290077,0.09268883801996708
145,0.501888564468484,0.46566093165405814,-0.036227632814425814,0.002769779550265389,0.009182756839938466,0.011952536390203827,0.11569143831729889,0.1239089984446764
146,0.5044257189401494,0.49114144128893034,-0.01328427765121909,0.025713134713472113,0.011719911311603937,0.03743304602507602,0.13392161577939987,0.14278247859328985
147,0.4833845816301957,0.4630853011123097,-0.020299280517885987,0.018698131846805216,-0.00932122599834978,0.009376905848455408,0.1390395127236843,0.145349383354187
148,0.501216082392553,0.47621778088650757,-0.02499830150604543,0.013999110858645775,0.008510274764007508,0.022509385622653255,0.17835125513374805,0.18943234533071518
149,0.49167397257308604,0.46008834779653207,-0.03158562477655397,0.007411787588137236,-0.0010318350554594513,0.006379952532677757,0.14595567248761654,0.15552311576902866
150,0.47822980978285173,0.46293960215528845,-0.01529020762756328,0.023707204737127924,-0.014475997845693755,0.00923120689143414,0.080739158205688,0.08527168072760105
151,0.4924555666528556,0.45567069837183993,-0.03678486828101568,0.0022125440836755217,-0.0002502409756898749,0.001962303107985619,0.09473392367362976,0.09830373898148537
152,0.4898340174355458,0.4725490790624163,-0.0172849383731295,0.021712473991561704,-0.0028717901929997125,0.018840683798561964,0.09652520716190338,0.10266085341572762
153,0.47877879105949284,0.4553968128916529,-0.023381978167839934,0.015615434196851269,-0.013927016569052653,0.0016884176277985885,0.16356439143419266,0.17489678040146828
154,0.481776165096111,0.4642989697902895,-0.01747719530582148,0.021520217058869723,-0.010929642532434503,0.010590574526435192,0.07321585342288017,0.074230981990695
155,0.4875661980526283,0.4513809412631313,-0.03618525678949702,0.0028121555751941807,-0.005139609575917192,-0.0023274540007230393,0.0864081522449851,0.0904396353289485
156,0.48591712377959273,0.4760292622466618,-0.00988786153293092,0.029109550831760284,-0.006788683848952759,0.022320866982807497,0.10565822757780552,0.11043634451925755
157,0.47350820704215024,0.44657307071946206,-0.02693513632268818,0.012062276042003023,-0.019197600586395247,-0.007135324544392252,0.08274489548057318,0.08622691687196493
158,0.4881743289258216,0.4673377508635785,-0.020836578062243094,0.01816083430244811,-0.004531478702723912,0.013629355599724169,0.15409880317747593,0.1632598601281643
159,0.4799003908712647,0.47059952287945517,-0.009300867991809514,0.02969654437288169,-0.012805416757280808,0.016891127615600854,0.12588678300380707,0.13230298645794392
160,0.4643365062995631,0.4692302890798119,0.004893782780248823,0.043891195144940026,-0.02836930132898241,0.015521893815957588,0.09355338662862778,0.09806347638368607
161,0.47391415401085024,0.45503075281287775,-0.018883401197972494,0.02011401116671871,-0.018791653617695248,0.001322357549023434,0.1512676700949669,0.16182630322873592
162,0.4851879889112328,0.44035530971014847,-0.04483267920108436,-0.005835266836393155,-0.007517818717312663,-0.013353085553705846,0.07911427691578865,0.08062498457729816
163,0.49736093801063064,0.48550238044549676,-0.011858557565133876,0.027138854799557327,0.004655130382085149,0.03179398518164245,0.10801164619624615,0.11445395275950432
164,0.5112617146172772,0.4806457881255128,-0.030615926491764422,0.00838148587292678,0.01855590698873172,0.02693739286165847,0.07832523435354233,0.07958007138222456
165,0.5076559051566368,0.4696404256186865,-0.038015479537950314,0.0009819328267408889,0.014950097528091344,0.015932030354832205,0.13152347691357136,0.13830123096704483
166,0.47754142743660566,0.45490534758827444,-0.022636079848331214,0.01636133251635999,-0.01516438019193983,0.0011969523244201308,0.11570499278604984,0.12115285731852055
167,0.4919163987689954,0.47488925113480196,-0.01702714763419344,0.021970264730497763,-0.0007894088595500892,0.021180855870947646,0.12971593625843525,0.1355850100517273
168,0.48927788430393754,0.451030833403408,-0.038247050900529544,0.0007503614641616585,-0.003427923324607951,-0.0026775618604463203,0.08810176327824593,0.09074577409774065
169,0.513821709220661,0.4704738497697154,-0.04334785945094555,-0.004350447086254344,0.02111590159211546,0.016765454505861088,0.2821975164115429,0.3022416904568672
170,0.4886375739584168,0.4664808017157243,-0.02215677224269247,0.016840640121998735,-0.004068233670128707,0.01277240645187,0.09483695961534977,0.09816599264740944
171,0.4762543418268455,0.46744053534751207,-0.008813806479333441,0.03018360588535776,-0.016451465801699983,0.013732140083657751,0.091320825740695,0.09532556124031544
172,0.48014401813351554,0.4680730002468455,-0.012071017886670032,0.02692639447802117,-0.012561789495029951,0.014364604982991191,0.1261967569589615,0.13332593441009521
173,0.4671469776984815,0.44531833026192363,-0.02182864743655788,0.017168764928133323,-0.025558829930063975,-0.00839006500193068,0.06632135156542063,0.0685484241694212
174,0.48228978769104125,0.4850862364656717,0.002796448774630478,0.04179386113932168,-0.01041601993750424,0.031377841201817414,0.1207049060612917,0.1265408843755722
175,0.49089846444481366,0.47723721365789806,-0.013661250786915602,0.0253361615777756,-0.0018073431837318243,0.02352881839404375,0.09319591335952282,0.09721375815570354
176,0.4850317305034749,0.4680393712879154,-0.016992359215559527,0.022005053149131676,-0.007674077125070566,0.014330976024061082,0.09084665216505527,0.09480780176818371
177,0.4705574140180279,0.45637647271634196,-0.014180941301685956,0.024816471063005247,-0.02214839361051757,0.0026680774524876494,0.1371676791459322,0.14615512639284134
178,0.47460834650985123,0.4281942608767299,-0.04641408563312133,-0.007416673268430124,-0.018097461118694258,-0.02551413438712441,0.11361774615943432,0.11759908497333527
179,0.4724446281671345,0.45264139134307346,-0.019803236824061043,0.01919417554063016,-0.020261179461410983,-0.0010670039207808513,0.14454513229429722,0.15301545895636082
180,0.5040080514884041,0.4689584252414229,-0.035049626246981214,0.003947786117709989,0.011302243859858618,0.01525002997756858,0.09077204205095768,0.09426659625023603
181,0.455936155936156,0.4670618060647587,0.011125650128602727,0.05012306249329393,-0.03676965169238949,0.013353410800904408,0.07486238703131676,0.0791454678401351
182,0.4721068167829061,0.4720217599160481,-8.505686685800207e-05,0.0389123554978332,-0.020598990845639376,0.018313364652193798,0.08846965245902538,0.09104673191905022
183,0.4918765285881024,0.45043127009116435,-0.04144525849693803,-0.002447846132246828,-0.0008292790404431094,-0.0032771251726899653,0.11429988220334053,0.12077290378510952
184,0.4895969569882614,0.46624620697143304,-0.023350750016828348,0.015646662347862855,-0.0031088506402841,0.012537811707578728,0.08580324426293373,0.08894663862884045
185,0.4841715347107505,0.4803739744099873,-0.0037975603007631697,0.03519985206392803,-0.008534272917795016,0.02666557914613299,0.12878186628222466,0.13711710646748543
186,0.5080149397125062,0.47701416533635094,-0.031000774376155282,0.00799663798853592,0.01530913208396073,0.023305770072496623,0.07480492908507586,0.07809761166572571
187,0.466354579687913,0.45742468087800325,-0.008929898809909742,0.03006751355478146,-0.026351227940632493,0.0037162856141489398,0.14695452339947224,0.1552580576390028
188,0.4879360743229322,0.46558863869730843,-0.022347435625623746,0.016649976739067457,-0.004769733305613311,0.011880243433454118,0.09331228211522102,0.09734386205673218
189,0.4602061691447875,0.4548418225527905,-0.005364346591997027,0.033633065772694176,-0.032499638483757975,0.001133427288936173,0.1032278947532177,0.10593079589307308
190,0.4970503837170504,0.46640073110124697,-0.030649652615803435,0.008347759748887768,0.0043445760885049145,0.012692335837392654,0.06443946342915297,0.06710295099765062
191,0.469792671643009,0.44662521716519016,-0.023167454477818816,0.015829957886872387,-0.022913135985536515,-0.007083178098664156,0.07645417004823685,0.07692765817046165
192,0.4820273133513216,0.4628749936636255,-0.019152319687696095,0.019845092676995107,-0.010678494277223893,0.009166598399771186,0.11203465051949024,0.11598288081586361
193,0.5025189623760528,0.46289903296412077,-0.03961992941193199,-0.0006225170472407837,0.009813154747507269,0.009190637700266457,0.08828902244567871,0.09243995323777199
194,0.45574735750021134,0.44412018343388465,-0.011627174066326684,0.02737023829836452,-0.03695845012833415,-0.009588211829969662,0.17021632008254528,0.17849371582269669
195,0.48636783617645624,0.45310626532211656,-0.03326157085433967,0.00573584151035153,-0.006337971452089253,-0.0006021299417377501,0.0884438008069992,0.09229366108775139
196,0.45494485245729027,0.4466373728729313,-0.008307479584358957,0.030689932780332246,-0.03776095517125522,-0.0070710223909229986,0.07244537398219109,0.07357594650238752
197,0.5072411659999199,0.4702004786542364,-0.03704068734568344,0.00195672501900776,0.014535358371374374,0.016492083390382106,0.10899975150823593,0.11438745446503162
198,0.47469984911845375,0.4772271493910822,0.00252730027262843,0.04152471263731963,-0.018005958510091735,0.02351875412722787,0.07915515825152397,0.08188683167099953
199,0.49340801968215076,0.46722825503313303,-0.026179764649017723,0.01281764771567348,0.0007022120536052667,0.01351985976927872,0.10218825377523899,0.10752034559845924
200,0.49516186055267436,0.47345175071376666,-0.0217101098389077,0.017287302525783504,0.002456052924128871,0.019743355449912348,0.14532397501170635,0.15362322889268398
201,0.4759803126952193,0.44036414811852903,-0.03561616457669026,0.003381247788000946,-0.0167254949333262,-0.013344247145325283,0.10401391610503197,0.1075388491153717
202,0.5036734286324853,0.4649488646719752,-0.038724563960510106,0.00027284840418109746,0.010967621003939831,0.011240469408120901,0.09653693810105324,0.10129835270345211
203,0.4646056858822816,0.4589137533803126,-0.0056919325019690326,0.03330547986272217,-0.028100121746263862,0.005205358116458281,0.0895578134804964,0.09148826636373997
204,0.4858691394253581,0.44647652613003136,-0.03939261329532673,-0.0003952009306355253,-0.0068366682031874015,-0.007231869133822955,0.07539969775825739,0.07794177625328302
205,0.49532146919984943,0.46359686118140225,-0.031724608018447176,0.007272804346244027,0.00261566157130394,0.00988846591754794,0.11948135495185852,0.12536999583244324
206,0.48055548405090204,0.45371603604223065,-0.026839448008671385,0.012157964356019818,-0.012150323577643452,7.640778376338808e-06,0.09309548139572144,0.09574542939662933
207,0.47438548771094724,0.46821487778765003,-0.00617060992329721,0.03282680244139399,-0.01832031991759825,0.014506482523795716,0.08730395417660475,0.09182132035493851
208,0.5068610233758706,0.46968515117905363,-0.03717587219681695,0.0018215401678742527,0.01415521574732509,0.015976755915199314,0.08382019028067589,0.08529864251613617
209,0.48698883910664414,0.48955375115631816,0.0025649120496740174,0.04156232441436522,-0.005716968521901344,0.03584535589246385,0.07635324355214834,0.07835397683084011
210,0.4849221180522279,0.4613563228952404,-0.02356579515698748,0.015431617207703724,-0.007783689576317587,0.007647927631386109,0.12883089669048786,0.13595984876155853
211,0.5034972139449752,0.47342778428252225,-0.030069429662452907,0.008927982702238296,0.010791406316429664,0.019719389018667932,0.12134279869496822,0.1275590155273676
212,0.47087730614968987,0.4358046060504139,-0.03507270009927599,0.0039247122654152145,-0.021828501478855622,-0.017903789213440435,0.10027412511408329,0.10498103499412537
213,0.5036654210462559,0.47167670457367844,-0.03198871647257745,0.007008695892113753,0.010959613417710401,0.017968309309824126,0.07380101084709167,0.07499661482870579
214,0.48057741478794114,0.44646456105868876,-0.03411285372925238,0.004884558635438824,-0.012128392840604352,-0.007243834205165556,0.1732678972184658,0.1834469623863697
215,0.48989472698098513,0.4670076208032808,-0.02288710617770434,0.01611030618698686,-0.00281108064756036,0.013299225539426474,0.09207716211676598,0.09547457844018936
216,0.4756777413084294,0.45479692210611566,-0.020880819202313716,0.018116593162377487,-0.01702806632011611,0.0010885268422613503,0.081993717700243,0.0841692890971899
217,0.47833366756496204,0.4728485421200879,-0.005485125444874117,0.033512286919817086,-0.01437214006358345,0.01914014685623361,0.09327657893300056,0.09920334443449974
218,0.49271074502219164,0.4691291533890883,-0.02358159163310336,0.015415820731587843,4.937393646153865e-06,0.015420758125233969,0.12471587024629116,0.13410858623683453
219,0.4770532222799421,0.4539148854185503,-0.02313833686139183,0.015859075503299375,-0.015652585348603365,0.00020649015469598186,0.07587975636124611,0.07940911315381527
220,0.4827299916127576,0.4563556250126051,-0.026374366600152466,0.012623045764538737,-0.009975816015787897,0.0026472297487508123,0.08107430301606655,0.08611217141151428
221,0.48518867092843787,0.4661625687535697,-0.019026102174868165,0.01997131018982304,-0.007517136700107618,0.012454173489715392,0.07349471375346184,0.07424473110586405
222,0.4945721804174895,0.45886073369296526,-0.035711446724524254,0.003285965640166949,0.0018663727889440263,0.0051523384291109475,0.07144902646541595,0.0722221489995718
223,0.4752292656386483,0.4521652481864227,-0.023064017452225638,0.015933394912465565,-0.017476541989897176,-0.0015431470774316391,0.08115652203559875,0.08418376930058002
224,0.4981626956348898,0.47520808783072305,-0.02295460780416675,0.016042804560524454,0.005456888006344307,0.021499692566868733,0.09261727146804333,0.09803607873618603
