task,class_id,class_label,legacyaux_support,legacyaux_proportion,eventgold_support,eventgold_proportion,signed_proportion_difference_eventgold_minus_legacyaux,absolute_proportion_difference
primary_frame,0,"access, inequality, and digital divide",5,0.02512562814070352,0,0.0,-0.02512562814070352,0.02512562814070352
primary_frame,1,clinical innovation and diagnostic benefit,36,0.18090452261306533,6,0.17142857142857143,-0.009475951184493903,0.009475951184493903
primary_frame,2,health safety risk and medical harm,14,0.07035175879396985,13,0.37142857142857144,0.3010768126346016,0.3010768126346016
primary_frame,3,labor automation and professional displacement,20,0.10050251256281408,0,0.0,-0.10050251256281408,0.10050251256281408
primary_frame,4,mental health and therapy risk,15,0.07537688442211055,2,0.05714285714285714,-0.018234027279253405,0.018234027279253405
primary_frame,5,"misinformation, deepfakes, and fraud",48,0.24120603015075376,2,0.05714285714285714,-0.18406317300789662,0.18406317300789662
primary_frame,6,other / unclear,23,0.11557788944723618,0,0.0,-0.11557788944723618,0.11557788944723618
primary_frame,7,public trust and accountability,4,0.020100502512562814,7,0.2,0.1798994974874372,0.1798994974874372
primary_frame,8,"regulation, governance, and policy",34,0.1708542713567839,5,0.14285714285714285,-0.02799712849964106,0.02799712849964106
stance,0,cautious or mixed about ai in health,18,0.09045226130653267,17,0.4857142857142857,0.39526202440775304,0.39526202440775304
stance,1,critical of ai risks in health,44,0.22110552763819097,11,0.3142857142857143,0.09318018664752331,0.09318018664752331
stance,2,focused on regulation and governance,10,0.05025125628140704,2,0.05714285714285714,0.006891600861450103,0.006891600861450103
stance,3,optimistic about ai in health,40,0.20100502512562815,4,0.11428571428571428,-0.08671931083991387,0.08671931083991387
stance,4,unclear / not applicable,87,0.4371859296482412,1,0.02857142857142857,-0.40861450107681263,0.40861450107681263
misinformation_relation,0,direct misinformation focus,60,0.3015075376884422,4,0.11428571428571428,-0.18722182340272792,0.18722182340272792
misinformation_relation,1,indirect misinformation concern,20,0.10050251256281408,9,0.2571428571428571,0.15664034458004306,0.15664034458004306
misinformation_relation,2,no clear misinformation relation,95,0.47738693467336685,21,0.6,0.12261306532663313,0.12261306532663313
misinformation_relation,3,unclear / not applicable,24,0.12060301507537688,1,0.02857142857142857,-0.09203158650394831,0.09203158650394831
