task,class_id,class_label,legacyaux_precision,legacyaux_recall,legacyaux_f1,legacyaux_support,eventgold_precision,eventgold_recall,eventgold_f1,eventgold_support,f1_gap_eventgold_minus_legacyaux
primary_frame,0,"access, inequality, and digital divide",0.0,0.0,0.0,5,0.0,0.0,0.0,0,0.0
primary_frame,1,clinical innovation and diagnostic benefit,0.625,0.6944444444444444,0.6578947368421053,36,0.45454545454545453,0.8333333333333334,0.5882352941176471,6,-0.06965944272445823
primary_frame,2,health safety risk and medical harm,0.6111111111111112,0.7857142857142857,0.6875000000000001,14,0.16666666666666666,0.07692307692307693,0.10526315789473684,13,-0.5822368421052633
primary_frame,3,labor automation and professional displacement,0.5,0.65,0.5652173913043479,20,0.0,0.0,0.0,0,-0.5652173913043479
primary_frame,4,mental health and therapy risk,0.5,0.13333333333333333,0.2105263157894737,15,0.5,1.0,0.6666666666666666,2,0.45614035087719296
primary_frame,5,"misinformation, deepfakes, and fraud",0.6964285714285714,0.8125,0.75,48,0.5,0.5,0.5,2,-0.25
primary_frame,6,other / unclear,0.45454545454545453,0.6521739130434783,0.5357142857142857,23,0.0,0.0,0.0,0,-0.5357142857142857
primary_frame,7,public trust and accountability,0.0,0.0,0.0,4,0.0,0.0,0.0,7,0.0
primary_frame,8,"regulation, governance, and policy",0.8636363636363636,0.5588235294117647,0.6785714285714287,34,0.45454545454545453,1.0,0.625,5,-0.053571428571428714
stance,0,cautious or mixed about ai in health,0.3181818181818182,0.7777777777777778,0.45161290322580644,18,0.5,0.29411764705882354,0.37037037037037035,17,-0.08124253285543609
stance,1,critical of ai risks in health,0.6078431372549019,0.7045454545454546,0.6526315789473683,44,0.625,0.45454545454545453,0.5263157894736842,11,-0.12631578947368416
stance,2,focused on regulation and governance,0.2,0.6,0.3,10,0.25,1.0,0.4,2,0.10000000000000003
stance,3,optimistic about ai in health,0.5416666666666666,0.65,0.5909090909090908,40,0.3333333333333333,0.5,0.4,4,-0.1909090909090908
stance,4,unclear / not applicable,0.7692307692307693,0.22988505747126436,0.35398230088495575,87,0.3333333333333333,1.0,0.5,1,0.14601769911504425
misinformation_relation,0,direct misinformation focus,0.7575757575757576,0.8333333333333334,0.7936507936507938,60,1.0,1.0,1.0,4,0.20634920634920617
misinformation_relation,1,indirect misinformation concern,0.35714285714285715,0.25,0.2941176470588235,20,0.3076923076923077,0.4444444444444444,0.3636363636363637,9,0.06951871657754022
misinformation_relation,2,no clear misinformation relation,0.7916666666666666,0.6,0.6826347305389222,95,0.7222222222222222,0.6190476190476191,0.6666666666666666,21,-0.015968063872255578
misinformation_relation,3,unclear / not applicable,0.3829787234042553,0.75,0.5070422535211269,24,0.0,0.0,0.0,1,-0.5070422535211269
