task,metric,legacyaux_value,eventgold_value,gap_eventgold_minus_legacyaux,relative_change,bootstrap_ci95_low,bootstrap_ci95_high,bootstrap_replicates,bootstrap_seed
primary_frame,macro_f1,0.4539360175801824,0.2761294576310056,-0.17780655994917682,-0.391699607572491,-0.2749071001957044,-0.08221849666807428,10000,2026100601
primary_frame,balanced_accuracy,0.4763321673274785,0.5683760683760685,0.09204390104858995,0.19323469495040366,-0.04301921795288162,0.22372365849907405,10000,2026100601
primary_frame,accuracy,0.6231155778894473,0.4,-0.22311557788944725,-0.3580645161290323,-0.3254845656855707,-0.12074659009332372,10000,2026100601
primary_frame,weighted_f1,0.5988156293070452,0.295890461447737,-0.30292516785930823,-0.5058738500360385,-0.4031126232917712,-0.1859965970488071,10000,2026100601
stance,macro_f1,0.46982717479344427,0.4393372319688109,-0.030489942824633354,-0.06489608192211958,-0.17076162775698403,0.14586777761847874,10000,2026100602
stance,balanced_accuracy,0.5924416579588994,0.6497326203208555,0.05729096236195619,0.09670312948508214,-0.09140122062409087,0.20684669975618242,10000,2026100602
stance,accuracy,0.48743718592964824,0.42857142857142855,-0.058865757358219695,-0.12076583210603835,-0.21837760229720027,0.10911701363962667,10000,2026100602
stance,weighted_f1,0.47375701278946486,0.4281648565859092,-0.04559215620355567,-0.09623531678214246,-0.2275767200346805,0.13246217262421575,10000,2026100602
misinformation_relation,macro_f1,0.5693613561924166,0.5075757575757576,-0.061785598616659,-0.10851737292085988,-0.1761977517915802,0.05255926014724842,10000,2026100603
misinformation_relation,balanced_accuracy,0.6083333333333334,0.5158730158730158,-0.09246031746031758,-0.15198956294846724,-0.214343541144528,0.030708150584795216,10000,2026100603
misinformation_relation,accuracy,0.6532663316582915,0.6,-0.05326633165829153,-0.08153846153846164,-0.21622397702799717,0.10783201722900211,10000,2026100603
misinformation_relation,weighted_f1,0.6558829851554208,0.6077922077922078,-0.04809077736321299,-0.07332219077434551,-0.2034787935274135,0.10180699427807056,10000,2026100603
