task,initialization,seed,n_docs,macro_f1,balanced_accuracy,accuracy,weighted_f1
primary_frame,XLMR_BASE,11,199,0.270704129480297,0.30954422026459544,0.5175879396984925,0.4355074208180318
primary_frame,XLMR_BASE,29,199,0.29185959478642404,0.3266012282529759,0.5376884422110553,0.4593658186402395
primary_frame,XLMR_BASE,47,199,0.349009407716962,0.3761974677149442,0.5879396984924623,0.5219469913238424
primary_frame,XLMR_BASE,83,199,0.35787413823874836,0.38381095594437453,0.5879396984924623,0.5270258681318591
primary_frame,XLMR_BASE,131,199,0.29021982112245803,0.3255813678128256,0.5376884422110553,0.4585614866919973
primary_frame,XLMR_DAPT_INDUCTIVE,11,199,0.26969374339352326,0.3094090695859664,0.5175879396984925,0.4312390980375579
primary_frame,XLMR_DAPT_INDUCTIVE,29,199,0.29642002094012554,0.3286875217075558,0.542713567839196,0.4697514756267088
primary_frame,XLMR_DAPT_INDUCTIVE,47,199,0.3030940394545975,0.33399363771273405,0.5477386934673367,0.4708996794989538
primary_frame,XLMR_DAPT_INDUCTIVE,83,199,0.35612401653956166,0.38585992367961675,0.5979899497487438,0.5286733676717157
primary_frame,XLMR_DAPT_INDUCTIVE,131,199,0.30997495830122856,0.33993321966467743,0.5477386934673367,0.4748778923521661
stance,XLMR_BASE,11,199,0.3844536346691519,0.3880512016718913,0.6231155778894473,0.5658359364389516
stance,XLMR_BASE,29,199,0.5103118617872717,0.5173841866945316,0.6934673366834171,0.6664626327531016
stance,XLMR_BASE,47,199,0.3834530250860797,0.4007001044932079,0.628140703517588,0.5718167818927397
stance,XLMR_BASE,83,199,0.4368689291440838,0.4686729362591432,0.678391959798995,0.6268176151019997
stance,XLMR_BASE,131,199,0.43605703759156444,0.4736729362591431,0.6834170854271356,0.6315771647545607
stance,XLMR_DAPT_INDUCTIVE,11,199,0.3823824253519349,0.3923092998955068,0.5979899497487438,0.5509158062263847
stance,XLMR_DAPT_INDUCTIVE,29,199,0.5383494986681928,0.5369052594914663,0.7035175879396985,0.6797833914021146
stance,XLMR_DAPT_INDUCTIVE,47,199,0.4190544510487122,0.4424399164054337,0.6633165829145728,0.6100599327854687
stance,XLMR_DAPT_INDUCTIVE,83,199,0.4345258991119561,0.4686206896551724,0.6733668341708543,0.6223644852560414
stance,XLMR_DAPT_INDUCTIVE,131,199,0.45288957490525245,0.4797318007662835,0.678391959798995,0.6338195759051437
misinformation_relation,XLMR_BASE,11,199,0.446037296037296,0.4811403508771929,0.7336683417085427,0.6556031907790701
misinformation_relation,XLMR_BASE,29,199,0.4005065502183406,0.4493421052631579,0.7085427135678392,0.6212687893616553
misinformation_relation,XLMR_BASE,47,199,0.431811557580668,0.4633771929824561,0.7085427135678392,0.6333343317177915
misinformation_relation,XLMR_BASE,83,199,0.5309572720125169,0.5332236842105263,0.7638190954773869,0.7049908862356761
misinformation_relation,XLMR_BASE,131,199,0.5356239692138538,0.5393640350877194,0.7437185929648241,0.6932104171213406
misinformation_relation,XLMR_DAPT_INDUCTIVE,11,199,0.4667255122238271,0.4957236842105263,0.7437185929648241,0.6701957871527434
misinformation_relation,XLMR_DAPT_INDUCTIVE,29,199,0.4007596517395678,0.45087719298245615,0.7085427135678392,0.6212424640110609
misinformation_relation,XLMR_DAPT_INDUCTIVE,47,199,0.4886682966260505,0.5029605263157895,0.7386934673366834,0.6729565626392119
misinformation_relation,XLMR_DAPT_INDUCTIVE,83,199,0.5309572720125169,0.5332236842105263,0.7638190954773869,0.7049908862356761
misinformation_relation,XLMR_DAPT_INDUCTIVE,131,199,0.5626671671671671,0.5654605263157895,0.7638190954773869,0.7159663683784285
