task,comparison,model_A,model_B,macro_f1_A,macro_f1_B,delta_macro_f1_A_minus_B,macro_f1_boot_ci95_low,macro_f1_boot_ci95_high,bootstrap_prob_delta_macro_gt_0,bootstrap_prob_delta_macro_lt_0,balanced_accuracy_A,balanced_accuracy_B,delta_balanced_accuracy_A_minus_B,ba_boot_ci95_low,ba_boot_ci95_high,accuracy_A,accuracy_B,delta_accuracy_A_minus_B,accuracy_boot_ci95_low,accuracy_boot_ci95_high,n_bootstrap
primary_frame,DAPT_vs_BASE,DAPT,BASE,0.4537083952638543,0.49270580762854554,-0.03899741236469123,-0.06948608223886972,-0.0145933812394321,0.0001,0.9999,0.4600077470601767,0.4957555808152569,-0.03574783375508017,-0.06280768345985736,-0.012767425810904173,0.6080402010050251,0.6482412060301508,-0.04020100502512569,-0.07035175879396982,-0.015075376884422176,10000
primary_frame,BASE_vs_TFIDF,BASE,TFIDF,0.49270580762854554,0.48642620142119797,0.006279606207347577,-0.054752049857163976,0.07028945243555676,0.5839,0.4161,0.4957555808152569,0.48252981546886065,0.013225765346396245,-0.04868542847895993,0.07555488882348434,0.6482412060301508,0.6482412060301508,0.0,-0.07035175879396982,0.07035175879396982,10000
primary_frame,DAPT_vs_TFIDF,DAPT,TFIDF,0.4537083952638543,0.48642620142119797,-0.032717806157343654,-0.09477749357351495,0.029913237475620066,0.1554,0.8446,0.4600077470601767,0.48252981546886065,-0.022522068408683926,-0.08392741980044832,0.039562760490669695,0.6080402010050251,0.6482412060301508,-0.04020100502512569,-0.10552763819095479,0.025125628140703515,10000
stance,DAPT_vs_BASE,DAPT,BASE,0.5583181449627816,0.54731537575774,0.011002769205041618,-0.07451653846936673,0.09584769455057413,0.6042,0.3958,0.5549756182514802,0.5472222222222223,0.007753396029257953,-0.06302812608847083,0.07891331417624525,0.6532663316582915,0.6432160804020101,0.01005025125628145,-0.03015075376884424,0.05025125628140703,10000
stance,BASE_vs_TFIDF,BASE,TFIDF,0.54731537575774,0.5216284815813117,0.025686894176428332,-0.055874335425483646,0.1141691136649647,0.7208,0.2792,0.5472222222222223,0.5066562173458725,0.04056600487634976,-0.03619213688610235,0.12100796760710547,0.6432160804020101,0.6331658291457286,0.01005025125628145,-0.055276381909547756,0.08040201005025127,10000
stance,DAPT_vs_TFIDF,DAPT,TFIDF,0.5583181449627816,0.5216284815813117,0.03668966338146995,-0.04515396285820539,0.12440546067502038,0.8037,0.1963,0.5549756182514802,0.5066562173458725,0.04831940090560771,-0.024159526297457382,0.12372474747474743,0.6532663316582915,0.6331658291457286,0.0201005025125629,-0.05025125628140703,0.09045226130653261,10000
misinformation_relation,DAPT_vs_BASE,DAPT,BASE,0.6145453343906953,0.6327839024250743,-0.018238568034379066,-0.061080766437722034,0.015911931660597883,0.1793,0.82,0.6095394736842106,0.6282894736842105,-0.018749999999999933,-0.057785087719298134,0.012499999999999956,0.7638190954773869,0.7688442211055276,-0.005025125628140725,-0.03015075376884424,0.02010050251256279,10000
misinformation_relation,BASE_vs_TFIDF,BASE,TFIDF,0.6327839024250743,0.5848973550126322,0.04788654741244214,-0.024939713988530662,0.13017530788054058,0.897,0.103,0.6282894736842105,0.5551535087719298,0.0731359649122807,0.008004385964912264,0.1417763157894737,0.7688442211055276,0.7587939698492462,0.01005025125628145,-0.04020100502512569,0.06030150753768848,10000
misinformation_relation,DAPT_vs_TFIDF,DAPT,TFIDF,0.6145453343906953,0.5848973550126322,0.029647979378063072,-0.0373913911096063,0.10603322065771549,0.8038,0.1962,0.6095394736842106,0.5551535087719298,0.05438596491228076,-0.006688596491228105,0.11699561403508774,0.7638190954773869,0.7587939698492462,0.005025125628140725,-0.045226130653266305,0.055276381909547756,10000
