release_class	source_relpath	dest_relpath	bytes	sha256
PROVENANCE	02_domain_adaptation/frozen_best_dapt_inductive_v3/SHA256SUMS.txt	provenance/02_domain_adaptation/frozen_best_dapt_inductive_SHA256SUMS.txt	614	b9672a97f428641a5ffd6e3e0ad46259a80fc8f8c9cc25b9b695a0d4355cb898
PUBLIC_CORE_CODE	01_data_audit/01_build_document_holdout_corpus1502_v3.py	src/01_data_audit/01_build_document_holdout_corpus1502_v3.py	13531	e8d24bb9eea84f0843a050db226251fe5d7e05228b329baa6de6282361e34068
PUBLIC_CORE_CODE	01_data_audit/02_build_strict_event_holdout_dapt_v3.py	src/01_data_audit/02_build_strict_event_holdout_dapt_v3.py	10145	a631d0a3237b0f0a21d075e5d03c74985c1ab0eaeea42a961d99aa867551468c
PUBLIC_CORE_CODE	01_data_audit/11_build_dapt_inductive_legacyaux_holdout_v3.py	src/01_data_audit/11_build_dapt_inductive_legacyaux_holdout_v3.py	6580	16cf513130e3a61a6317a6bb903a15f4d45d11ea4559fdc8cc883d8cc5d0ac03
PUBLIC_CORE_CODE	02_domain_adaptation/11_train_xlmr_dapt_inductive_v3.py	src/02_domain_adaptation/11_train_xlmr_dapt_inductive_v3.py	16163	d8a55d4f5fe163d10985e59078c49227892cc2c21f33898f68c226c331c278de
PUBLIC_CORE_CODE	02_domain_adaptation/12_xlmr_dapt_inductive_v3.sbatch	src/02_domain_adaptation/12_xlmr_dapt_inductive_v3.sbatch	1173	8294686f757ef3bb123b1e1599d2d025975840f75ec4eaeb0b95d1b8787cf137
PUBLIC_CORE_CODE	02_domain_adaptation/13_train_xlmr_dapt_inductive_lr1e5_v3.py	src/02_domain_adaptation/13_train_xlmr_dapt_inductive_lr1e5_v3.py	16169	d844dbbcdcec67440f4bdf6e186b900ae818553bfac4bfe71209a1631861b8bb
PUBLIC_CORE_CODE	02_domain_adaptation/13_xlmr_dapt_inductive_lr1e5_v3.sbatch	src/02_domain_adaptation/13_xlmr_dapt_inductive_lr1e5_v3.sbatch	1185	9832784bd6d461e6435118aa6311d1281ef379eee2c4cd57a6278cdb90af19c4
PUBLIC_CORE_CODE	02_domain_adaptation/14_train_xlmr_dapt_inductive_lr2e5_v3.py	src/02_domain_adaptation/14_train_xlmr_dapt_inductive_lr2e5_v3.py	16169	ba0ddc808e3c9655ae42a439930e8577e8ade5e46e11a16e4dd02a4af9c6b1b3
PUBLIC_CORE_CODE	02_domain_adaptation/14_xlmr_dapt_inductive_lr2e5_v3.sbatch	src/02_domain_adaptation/14_xlmr_dapt_inductive_lr2e5_v3.sbatch	1185	88b23c3d8ef364d49f674b3e21068196f430e74ec97940a55a3c0859706cdc9e
PUBLIC_CORE_CODE	03_scalegold_active_learning/05_build_legacy_auxiliary_v3.py	src/03_scalegold_active_learning/05_build_legacy_auxiliary_v3.py	9356	2e4f6463748d0821d4fbed6ea2ee54881f6947c9f80d80d2fea002d0cb6df747
PUBLIC_CORE_CODE	04_classical_baselines/06_classical_tfidf_baselines_v3.py	src/04_classical_baselines/06_classical_tfidf_baselines_v3.py	14813	aabfc7447561eaf77c862307b2d75a5e13b8da36a6ae4ea55bca796abea95b84
PUBLIC_CORE_CODE	04_classical_baselines/07_classical_tfidf_baselines_v3.sbatch	src/04_classical_baselines/07_classical_tfidf_baselines_v3.sbatch	835	cb5fba1e28e5da30e1e93d9e5965eb357e38cbebae4438aa662c504f00214055
PUBLIC_CORE_CODE	04_classical_baselines/08_freeze_legacyaux_folds_v3.py	src/04_classical_baselines/08_freeze_legacyaux_folds_v3.py	2208	bc627d41c47295fb3e2c65368864c5b3be5b2c3a4205c8a8b2a38ca53f6f5af4
PUBLIC_CORE_CODE	06_supervised_analysis_v3/35_supervised_oof_statistics_v3.py	src/06_supervised_analysis_v3/35_supervised_oof_statistics_v3.py	31312	8d6391b4d8dc3f50473feb25e7c1a4c04b643222de700f7b5cd3518b7aff1308
PUBLIC_CORE_CODE	06_supervised_analysis_v3/36_supervised_oof_statistics_v3.sbatch	src/06_supervised_analysis_v3/36_supervised_oof_statistics_v3.sbatch	541	482f579c4ca452825054f6d3892beb2f07e15837282e880aea287a2367beb34c
PUBLIC_CORE_CODE	07_eve_frame_stage_a_no_event/37_train_eve_frame_stage_a_v3.py	src/07_stage_a_no_event/37_train_eve_frame_stage_a_v3.py	35034	62f5f55fcdeaf4e5c947313bcc326daa8ceb225e2ab954ffa7b24430e1e760b9
PUBLIC_CORE_CODE	07_eve_frame_stage_a_no_event/39_stage_a_array_v3.sbatch	src/07_stage_a_no_event/39_stage_a_array_v3.sbatch	1948	4ced4eea67853af94e8a25fb94503f0b3f5ba48600060a25079afa157f6a5ade
PUBLIC_CORE_CODE	07_eve_frame_stage_a_no_event/40_audit_stage_a_v3.py	src/07_stage_a_no_event/40_audit_stage_a_v3.py	5106	57096305fc12ebecd08e9feb218210628835c75c1ca47a5cab397877f133af98
PUBLIC_CORE_CODE	07_eve_frame_stage_a_no_event/41_audit_stage_a_v3.sbatch	src/07_stage_a_no_event/41_audit_stage_a_v3.sbatch	420	5457591d3a9d9969886a77a16db570fc660535bf2dc41cdc61f516a780a2eba5
PUBLIC_CORE_CODE	07_eve_frame_stage_a_no_event/42_analyze_stage_a_vs_base_v3.py	src/07_stage_a_no_event/42_analyze_stage_a_vs_base_v3.py	44968	8bcd961084fcc7f3289ed73878685de1ce2c62e7d5974987facbb103afaf263b
PUBLIC_CORE_CODE	07_eve_frame_stage_a_no_event/43_stage_a_vs_base_stats_v3.sbatch	src/07_stage_a_no_event/43_stage_a_vs_base_stats_v3.sbatch	540	95611771c52d274e18a1eb7b4230ba0663939cc78e6eb6fb8fe36c2080662f10
PUBLIC_CORE_CODE	08_eve_frame_stage_b_event_context/44_event_context_coverage_v3.py	src/08_stage_b_event_context/44_event_context_coverage_v3.py	26409	d911da0943e90ccce275b04db2db656059bcf2f171d7199e82d8d6f47794362e
PUBLIC_CORE_CODE	08_eve_frame_stage_b_event_context/45_event_context_coverage_v3.sbatch	src/08_stage_b_event_context/45_event_context_coverage_v3.sbatch	538	990f497af5b0dee01d9033d37ae2830df1c265818798f180fdbf72e800ca558a
PUBLIC_CORE_CODE	08_eve_frame_stage_b_event_context/55_apply_verified_event_context_v3.py	src/08_stage_b_event_context/55_apply_verified_event_context_v3.py	24899	c53cc5b866e67a25616fc477c716991067b817dab0e1aaa93fccd107f4166692
PUBLIC_CORE_CODE	08_eve_frame_stage_b_event_context/56_apply_verified_event_context_v3.sbatch	src/08_stage_b_event_context/56_apply_verified_event_context_v3.sbatch	559	211b5292553b7858d78715cd0115fc186b96318103dccada16abc3db75ec2065
PUBLIC_CORE_CODE	08_eve_frame_stage_b_event_context/57_extract_context_embeddings_xlmr_v3.py	src/08_stage_b_event_context/57_extract_context_embeddings_xlmr_v3.py	27419	28fa7640b22dd8162db4a086bf19a6b56b8c1caa0df0ef588297cdc1767a9ffb
PUBLIC_CORE_CODE	08_eve_frame_stage_b_event_context/58_extract_context_embeddings_xlmr_v3.sbatch	src/08_stage_b_event_context/58_extract_context_embeddings_xlmr_v3.sbatch	1773	e4a1da0a16f37ae71478ba01657ae1cf52661bd50b968e4865cd5c1e0c615097
PUBLIC_CORE_CODE	08_eve_frame_stage_b_event_context/59_build_verified_event_prototypes_v3.py	src/08_stage_b_event_context/59_build_verified_event_prototypes_v3.py	24987	0abbb18610660075b7995f7b0ea40d90ddecbec411a2a621aeb7ffe0832137ce
PUBLIC_CORE_CODE	08_eve_frame_stage_b_event_context/60_build_verified_event_prototypes_v3.sbatch	src/08_stage_b_event_context/60_build_verified_event_prototypes_v3.sbatch	1481	d0597280a1fc5bd55b73efd844d824e099ab61966ef7d7eb9d8ea153dd7b23bf
PUBLIC_CORE_CODE	08_eve_frame_stage_b_event_context/61_build_permuted_context_maps_v3.py	src/08_stage_b_event_context/61_build_permuted_context_maps_v3.py	13939	b37da93d75121ed35afb2790af9fb5fd235256311f18f2c396105b701c5708dd
PUBLIC_CORE_CODE	08_eve_frame_stage_b_event_context/62_stage_b_base_from_stage_a_v3.py	src/08_stage_b_event_context/62_stage_b_base_from_stage_a_v3.py	35360	4665373fb9fc1189e1fce6fd54bb91028102633e7515a673b7df36ade4f5c3dd
PUBLIC_CORE_CODE	08_eve_frame_stage_b_event_context/63_train_eve_frame_stage_b_v3.py	src/08_stage_b_event_context/63_train_eve_frame_stage_b_v3.py	16298	bb549577678fe1f032f93dc025bc8a06d1996c41519ae5964397e6dc64e5ac7d
PUBLIC_CORE_CODE	08_eve_frame_stage_b_event_context/65_stage_b_array_v3.sbatch	src/08_stage_b_event_context/65_stage_b_array_v3.sbatch	2005	e9a87ac226985d10817266d27b701866e7681c7a8e73cfee1c80596d3d39eb53
PUBLIC_CORE_CODE	08_eve_frame_stage_b_event_context/66_audit_stage_b_runs_v3.py	src/08_stage_b_event_context/66_audit_stage_b_runs_v3.py	14111	0f5bb92ddec2192485e47b9a7965867c82cad9cc6c5e31c7ca474597237c9572
PUBLIC_CORE_CODE	08_eve_frame_stage_b_event_context/67_analyze_stage_b_v3.py	src/08_stage_b_event_context/67_analyze_stage_b_v3.py	63552	76bf72bafc71c5140845270cbe527d91506dc265232813fd6d0c7bc4a2d34b3a
PUBLIC_CORE_CODE	08_eve_frame_stage_b_event_context/68_run_stage_b_analysis_v3.sbatch	src/08_stage_b_event_context/68_run_stage_b_analysis_v3.sbatch	1220	133f5e62db986a0ab18808f74d69c96196e77c288671982e10a82d17f8d4bab1
PUBLIC_CORE_CODE	09_eve_frame_v4_architecture_sensitivity/70_train_eve_frame_v4.py	src/09_v4_architecture_sensitivity/70_train_eve_frame_v4.py	23747	a28097f15582cb6d9cf79cccfc80afb1143419978b590bd65a0ea80e28ad9408
PUBLIC_CORE_CODE	09_eve_frame_v4_architecture_sensitivity/71_v4_training_array_v4_2.sbatch	src/09_v4_architecture_sensitivity/71_v4_training_array_v4_2.sbatch	2786	1fd3f8db520c71bf703440d4a6e2b1d13100abb58a9377bcf238921db2a4957b
PUBLIC_CORE_CODE	09_eve_frame_v4_architecture_sensitivity/72_v4_cublas_determinism_smoke_v4_2.sbatch	src/09_v4_architecture_sensitivity/72_v4_cublas_determinism_smoke_v4_2.sbatch	1580	d6e29cb984f9b9c374b5b92a52d33e8abd8746bb7e3830f7b485c6edf425a9fb
PUBLIC_CORE_CODE	09_eve_frame_v4_architecture_sensitivity/73_analyze_eve_frame_v4.py	src/09_v4_architecture_sensitivity/73_analyze_eve_frame_v4.py	51916	7c7bbc7e64436a5c96551968923124693b4b9ce1e487c6246893a80e9ac3ffc2
PUBLIC_CORE_CODE	09_eve_frame_v4_architecture_sensitivity/74_v4_confirmatory_analysis_v4.sbatch	src/09_v4_architecture_sensitivity/74_v4_confirmatory_analysis_v4.sbatch	1786	3f3d73f73df03feff03713364c5bdc3e4abb5fb4f17166a9a5e83cc90db7302d
PUBLIC_CORE_CODE	10_eventgold_final_evaluation/80_train_final_stage_a_refit_v1.py	src/10_eventgold_final_evaluation/80_train_final_stage_a_refit_v1.py	21404	6c9ef93505c9982240aa2e929c6960280d63838cddc1bbe7e39f655781611f3c
PUBLIC_CORE_CODE	10_eventgold_final_evaluation/81_final_refit_array_v1.sbatch	src/10_eventgold_final_evaluation/81_final_refit_array_v1.sbatch	2647	11ff2e40c158f8cfa549dc8f2462168e5f454775d8169cce2c0037d9ad944ce6
PUBLIC_CORE_CODE	10_eventgold_final_evaluation/82_audit_final_refit_checkpoints_v1.sbatch	src/10_eventgold_final_evaluation/82_audit_final_refit_checkpoints_v1.sbatch	2782	e760fd3b1eb57448af39918086196115f92f569862d88c665f8b91317b7ad5b2
PUBLIC_CORE_CODE	10_eventgold_final_evaluation/84_freeze_final_refit_checkpoints_v1_1.sbatch	src/10_eventgold_final_evaluation/84_freeze_final_refit_checkpoints_v1_1.sbatch	8736	b7695ad7a60889b235fad808aa05c6332452a804e751e1064c55a1c596fab03e
PUBLIC_CORE_CODE	10_eventgold_final_evaluation/91_build_eventgold35_blind_annotation_packet_v1.py	src/10_eventgold_final_evaluation/91_build_eventgold35_blind_annotation_packet_v1.py	11172	01724a13552961b4be17dee76de038960cd83864e856edf76f67ab9be3e5521a
PUBLIC_CORE_CODE	10_eventgold_final_evaluation/92_build_eventgold35_blind_annotation_ui_v1.py	src/10_eventgold_final_evaluation/92_build_eventgold35_blind_annotation_ui_v1.py	20868	431af9e19fec05a16ceebde83258e4edaec0b731212be95823bd1cf9af263a65
PUBLIC_CORE_CODE	10_eventgold_final_evaluation/93_validate_freeze_ab_compute_agreement_v1.py	src/10_eventgold_final_evaluation/93_validate_freeze_ab_compute_agreement_v1.py	10646	3d88477b4423ac0c87b8059b59f5085673570f724377e3f627b2336089c154c7
PUBLIC_CORE_CODE	10_eventgold_final_evaluation/94_build_eventgold35_exact_text_recheck_v1.py	src/10_eventgold_final_evaluation/94_build_eventgold35_exact_text_recheck_v1.py	9015	45e453aeb3879a8f41d856f17d8f879a25c5e844bfe534fe8bf6a2830369fdf9
PUBLIC_CORE_CODE	10_eventgold_final_evaluation/95_reconstruct_corrected_ab_and_agreement_v1.py	src/10_eventgold_final_evaluation/95_reconstruct_corrected_ab_and_agreement_v1.py	13970	ff59022462c4ca81c3b2ae721da8eb2cd1b6b93fffa44e852d49759f3ef9fb82
PUBLIC_CORE_CODE	10_eventgold_final_evaluation/96_build_eventgold35_final_gold_after_adjudication_v1.py	src/10_eventgold_final_evaluation/96_build_eventgold35_final_gold_after_adjudication_v1.py	14124	4c64d1af9ecc679f58e294cff7f28d14422ff71dc2075311fa834ad7ce695bba
PUBLIC_CORE_CODE	10_eventgold_final_evaluation/97_evaluate_eventgold_supervised_extension_final_v1.py	src/10_eventgold_final_evaluation/97_evaluate_eventgold_supervised_extension_final_v1.py	43807	a4a0a7d6c94f9d84f765568011a6cacd5cb0fa6ba14439b391faf03c610bb920
PUBLIC_CORE_CODE	10_eventgold_final_evaluation/98_eventgold35_supervised_extension_final_preflight_v1.py	src/10_eventgold_final_evaluation/98_eventgold35_supervised_extension_final_preflight_v1.py	21911	5f8b5c06222d23f70f7a6cf04d556da76da4f8e25920a632f16f89229c4c4d67
PUBLIC_CORE_CODE	10_eventgold_final_evaluation/99_eventgold35_supervised_extension_final_case_bridge_v1.py	src/10_eventgold_final_evaluation/99_eventgold35_supervised_extension_final_case_bridge_v1.py	3250	6bfecea0f9d8e08f1da872796e364de9393c3f7640af678aa11160d126fe67a5
PUBLIC_CORE_CODE	11_posthoc_representation_analysis_v1/01_posthoc_representation_topology_v1.py	src/11_representation_topology/01_posthoc_representation_topology_v1.py	15699	e7e3b726a237214a3e74c61cef9a503a8d0d398da7520e6120190eed6f35e7f6
PUBLIC_CORE_CODE	11_posthoc_representation_analysis_v1/02_posthoc_representation_topology_v1.sbatch	src/11_representation_topology/02_posthoc_representation_topology_v1.sbatch	5014	c51f5b902b2924a2161728d596bd047e70d16bd22f00bd0dcd0871d38d7d635d
PUBLIC_CORE_CODE	11_posthoc_representation_analysis_v1/bottleneck_validation_v1/01_validate_bottleneck_independent_v1.py	src/11_representation_topology/bottleneck_validation/01_validate_bottleneck_independent_v1.py	9584	11ca8b84ed2b6def7b2dffad332c316866024fa6b25d02eb2d65c80d69685acd
PUBLIC_CORE_CODE	11_posthoc_representation_analysis_v1/bottleneck_validation_v1/02_validate_bottleneck_independent_v1.sbatch	src/11_representation_topology/bottleneck_validation/02_validate_bottleneck_independent_v1.sbatch	551	bb9fcf855a929d6b538fb80601dcf4fae140015a7166f00a2973ea45e1ac869c
PUBLIC_CORE_CODE	12_posthoc_generalization_gap_v1/01_posthoc_generalization_gap_v1_2.py	src/12_generalization_gap/01_posthoc_generalization_gap_v1_2.py	17638	ce9acf72eff4d6ebe7200c665823532fe444c0b622d630a6dd442e607c6eda3f
PUBLIC_CORE_CODE	12_posthoc_generalization_gap_v1/02_posthoc_generalization_gap_v1_2.sbatch	src/12_generalization_gap/02_posthoc_generalization_gap_v1_2.sbatch	511	d3f0efe383b080811258dbf6759ec3bd229bfe897be1708faf7280a294f41ea9
PUBLIC_PROTOCOL	06_supervised_analysis_v3/STATISTICAL_ANALYSIS_PLAN_v3.txt	protocols/06_supervised_analysis_v3/STATISTICAL_ANALYSIS_PLAN_v3.txt	5197	cdfa108fb753af10e1ce6aad096f1f1570282f5a75d247a4f391bf09f150407c
PUBLIC_PROTOCOL	06_supervised_analysis_v3/STATISTICAL_IMPLEMENTATION_LOCK_v3.txt	protocols/06_supervised_analysis_v3/STATISTICAL_IMPLEMENTATION_LOCK_v3.txt	1050	609dbfd0a7c558d6fc54e54c496563678d591e906c1e6c1bdc6491d7fe81ccbd
PUBLIC_PROTOCOL	06_supervised_analysis_v3/SUPERVISED_BASE_DAPT_CLOSURE_v3.txt	protocols/06_supervised_analysis_v3/SUPERVISED_BASE_DAPT_CLOSURE_v3.txt	7120	7ff55b374923c6a3650f399d5b9299ab5bcda6937709adf67356d98d438f0546
PUBLIC_PROTOCOL	07_eve_frame_stage_a_no_event/EVE_FRAME_STAGE_A_PROTOCOL_v3.txt	protocols/07_stage_a_no_event/EVE_FRAME_STAGE_A_PROTOCOL_v3.txt	4779	fe9a6747ec11f218c5447df2efd23caf74fbc0bf851574075706f68535c14f7c
PUBLIC_PROTOCOL	07_eve_frame_stage_a_no_event/STAGE_A_COMPARISON_ANALYSIS_PLAN_v3.txt	protocols/07_stage_a_no_event/STAGE_A_COMPARISON_ANALYSIS_PLAN_v3.txt	4235	423ba34ca3b44da3dd65c91dc5ea35ec41eec510008a581a5d4af1c9d2738bcf
PUBLIC_PROTOCOL	07_eve_frame_stage_a_no_event/STAGE_A_FINAL_CLOSURE_v3.txt	protocols/07_stage_a_no_event/STAGE_A_FINAL_CLOSURE_v3.txt	7109	e127f23bcd6696833cb8d3d2b3c244f45307b198ef3607ddf28baa3b617745df
PUBLIC_PROTOCOL	07_eve_frame_stage_a_no_event/STAGE_A_STATISTICAL_IMPLEMENTATION_LOCK_v3.txt	protocols/07_stage_a_no_event/STAGE_A_STATISTICAL_IMPLEMENTATION_LOCK_v3.txt	2773	1eb61ad1c00f749d657f03497f26c9664c6d22bb700d0c111d48d7b618986084
PUBLIC_PROTOCOL	08_eve_frame_stage_b_event_context/EVENT_CONTEXT_COVERAGE_PROTOCOL_v3.txt	protocols/08_stage_b_event_context/EVENT_CONTEXT_COVERAGE_PROTOCOL_v3.txt	3059	c64217fcc183398ec26f15ea001d4fd7680d1655c4bcae2b2f6cb82ecb4cecbb
PUBLIC_PROTOCOL	08_eve_frame_stage_b_event_context/EVE_FRAME_STAGE_B_ARCHITECTURE_PROTOCOL_v3.txt	protocols/08_stage_b_event_context/EVE_FRAME_STAGE_B_ARCHITECTURE_PROTOCOL_v3.txt	12158	076ca9b3a99997b83d1ce43ca75fa59cc151f968d6c34c9fae92ef1ddf96c93f
PUBLIC_PROTOCOL	08_eve_frame_stage_b_event_context/EVE_FRAME_STAGE_B_CONTEXT_EMBEDDING_PROTOCOL_v3.txt	protocols/08_stage_b_event_context/EVE_FRAME_STAGE_B_CONTEXT_EMBEDDING_PROTOCOL_v3.txt	7486	c708a5a56ebe2effa725ed692f9c3db6f28080cc1bf19b3a521dcb82a4436dbc
PUBLIC_PROTOCOL	08_eve_frame_stage_b_event_context/EVE_FRAME_STAGE_B_CONTEXT_TEXT_SOURCE_FREEZE_v3.txt	protocols/08_stage_b_event_context/EVE_FRAME_STAGE_B_CONTEXT_TEXT_SOURCE_FREEZE_v3.txt	3440	d5117af6c59d3274085c2203f047a571c4456ab6c115469da0c81b5bc4ef8d8d
PUBLIC_PROTOCOL	08_eve_frame_stage_b_event_context/EVE_FRAME_STAGE_B_EVENT_PROTOTYPE_PROTOCOL_v3.txt	protocols/08_stage_b_event_context/EVE_FRAME_STAGE_B_EVENT_PROTOTYPE_PROTOCOL_v3.txt	8264	33ed50d7bf221ed3e20728b111d6a35d85763812fdc5b8d128b15044f8c5700e
PUBLIC_PROTOCOL	08_eve_frame_stage_b_event_context/EVE_FRAME_STAGE_B_PERMUTED_CONTEXT_MAPPING_PROTOCOL_v3.txt	protocols/08_stage_b_event_context/EVE_FRAME_STAGE_B_PERMUTED_CONTEXT_MAPPING_PROTOCOL_v3.txt	2264	cc5bae3423077a99f61dcf74dcc4eb2740edd42f6c63e18ddee79fe840770691
PUBLIC_PROTOCOL	08_eve_frame_stage_b_event_context/EVE_FRAME_STAGE_B_VERIFIED_CONTEXT_PROTOCOL_v3.txt	protocols/08_stage_b_event_context/EVE_FRAME_STAGE_B_VERIFIED_CONTEXT_PROTOCOL_v3.txt	5825	2791d8699e2b2157b584c7b883768ff7bb7f96b0cff1716dc5b6372bf19d96c3
PUBLIC_PROTOCOL	08_eve_frame_stage_b_event_context/STAGE_B_CLOSURE_v3.txt	protocols/08_stage_b_event_context/STAGE_B_CLOSURE_v3.txt	3381	29828b9e03d8e165cb9e9d11ffb6d23976aa2b0b571f185e5c108bac81695d83
PUBLIC_PROTOCOL	08_eve_frame_stage_b_event_context/STAGE_B_COMPARISON_ANALYSIS_PLAN_v3.txt	protocols/08_stage_b_event_context/STAGE_B_COMPARISON_ANALYSIS_PLAN_v3.txt	9529	2c0dd392647994298d8888e17d8ad85303612987ce0a694f302d202ebba400e5
PUBLIC_PROTOCOL	08_eve_frame_stage_b_event_context/STAGE_B_STATISTICAL_IMPLEMENTATION_LOCK_v3.txt	protocols/08_stage_b_event_context/STAGE_B_STATISTICAL_IMPLEMENTATION_LOCK_v3.txt	15454	92c734c2b63a06b5b34cb9f20ca917004c868c9b4a9d6e8404f0f766f87beadb
PUBLIC_PROTOCOL	09_eve_frame_v4_architecture_sensitivity/EVE_FRAME_V4_ARCHITECTURE_SENSITIVITY_PROTOCOL_v4.txt	protocols/09_v4_architecture_sensitivity/EVE_FRAME_V4_ARCHITECTURE_SENSITIVITY_PROTOCOL_v4.txt	15861	39459e4d72bfc14a2ee1cd02d2414f32989788a2de32a431c68d16f7913c6dbe
PUBLIC_PROTOCOL	09_eve_frame_v4_architecture_sensitivity/V4_CLOSURE_v4.txt	protocols/09_v4_architecture_sensitivity/V4_CLOSURE_v4.txt	1807	a663cbc41607855846181a9b6c75118dd5ec9c4ee5bfa9ce6d7bdae50eeaa191
PUBLIC_PROTOCOL	09_eve_frame_v4_architecture_sensitivity/V4_CONFIRMATORY_EXECUTION_LOCK_v4.txt	protocols/09_v4_architecture_sensitivity/V4_CONFIRMATORY_EXECUTION_LOCK_v4.txt	1586	a2246e79e722ec26cc956b0dff4309b6f5802312a4562e5786db92def9e1f524
PUBLIC_PROTOCOL	09_eve_frame_v4_architecture_sensitivity/V4_FINAL_ARCHITECTURE_DECISION_v4.txt	protocols/09_v4_architecture_sensitivity/V4_FINAL_ARCHITECTURE_DECISION_v4.txt	2587	86acd1a11b5000df5f3589e573aec0565490a02f64e4059680f9dcf20374b64e
PUBLIC_PROTOCOL	09_eve_frame_v4_architecture_sensitivity/V4_STATISTICAL_IMPLEMENTATION_LOCK_v4.txt	protocols/09_v4_architecture_sensitivity/V4_STATISTICAL_IMPLEMENTATION_LOCK_v4.txt	5900	1a0432d770438a2698166bda7e66d6a22a3b6684c67b4af2f6d8e9242a873ba8
PUBLIC_PROTOCOL	10_eventgold_final_evaluation/EVENTGOLD35_SUPERVISED_EXTENSION_FINAL_EVALUATION_PROTOCOL_v1.txt	protocols/10_eventgold_final_evaluation/EVENTGOLD35_SUPERVISED_EXTENSION_FINAL_EVALUATION_PROTOCOL_v1.txt	10407	7dd54e5fe8ac6ccadeb21f882c446f0fd7e4860a38e06ecd34e57c5c6ca3c405
PUBLIC_PROTOCOL	10_eventgold_final_evaluation/EVENTGOLD35_SUPERVISED_EXTENSION_FINAL_RESULTS_CLOSURE_v1.txt	protocols/10_eventgold_final_evaluation/EVENTGOLD35_SUPERVISED_EXTENSION_FINAL_RESULTS_CLOSURE_v1.txt	1042	c88710b154506e8867020a341c2ed2fbf7595f939a4f5e430a70676ab4ef14dc
PUBLIC_PROTOCOL	10_eventgold_final_evaluation/EVENTGOLD35_SUPERVISED_EXTENSION_STANCE_CASE_NORMALIZATION_ADDENDUM_v1.txt	protocols/10_eventgold_final_evaluation/EVENTGOLD35_SUPERVISED_EXTENSION_STANCE_CASE_NORMALIZATION_ADDENDUM_v1.txt	2477	cac405382e913f8b2e7dc51ebc0b29bf899e28340fb117c0497791ef3711e985
PUBLIC_PROTOCOL	10_eventgold_final_evaluation/EventGold35_SUPERVISED_EXTENSION_PROTOCOL_v1.txt	protocols/10_eventgold_final_evaluation/EventGold35_SUPERVISED_EXTENSION_PROTOCOL_v1.txt	13056	ff3d4f2361aa4fe6e435348a7b69b46bc9bca79245ffdc5d9e8da1c27ff46ff4
PUBLIC_PROTOCOL	10_eventgold_final_evaluation/FINAL_REFIT_EPOCH_RULE_v1.txt	protocols/10_eventgold_final_evaluation/FINAL_REFIT_EPOCH_RULE_v1.txt	1524	edfe2007ee176921a6b0c94fd08d48878820d5bd9707c8e3ff29840573e2a168
PUBLIC_PROTOCOL	10_eventgold_final_evaluation/FINAL_REFIT_EXECUTION_LOCK_v1.txt	protocols/10_eventgold_final_evaluation/FINAL_REFIT_EXECUTION_LOCK_v1.txt	1623	a5ce2e37552883391e6d2529fd110039e6e155956923bf5889d621d8ad10ebfb
PUBLIC_PROTOCOL	10_eventgold_final_evaluation/FINAL_STAGE_A_REFIT_PROTOCOL_v1.txt	protocols/10_eventgold_final_evaluation/FINAL_STAGE_A_REFIT_PROTOCOL_v1.txt	4693	8ecf93c04c3405bfc3d0f0b9cbfeb91e71041522ae89f3867279e06df6201156
PUBLIC_PROTOCOL	11_posthoc_representation_analysis_v1/POSTHOC_REPRESENTATION_TOPOLOGY_PROTOCOL_v1.txt	protocols/11_representation_topology/POSTHOC_REPRESENTATION_TOPOLOGY_PROTOCOL_v1.txt	3462	61fe0cb10bc57e12f77a7a7e0bbf03080a6547f899591265fbf8bb93d2d08e39
PUBLIC_PROTOCOL	11_posthoc_representation_analysis_v1/TDA_PACKAGE_VERSIONS_v1.txt	protocols/11_representation_topology/TDA_PACKAGE_VERSIONS_v1.txt	54	38ff8cd1f4f5f7fb6106cee928c03296a9936150acadb50b1d62c38328f1c365
PUBLIC_PROTOCOL	12_posthoc_generalization_gap_v1/GENERALIZATION_GAP_EXECUTION_AMENDMENT_01.txt	protocols/12_generalization_gap/GENERALIZATION_GAP_EXECUTION_AMENDMENT_01.txt	1528	44f7d42b858942498631a50186373e0e3d5dd96ea7a141fcf37e66fd5636bf97
PUBLIC_PROTOCOL	12_posthoc_generalization_gap_v1/GENERALIZATION_GAP_EXECUTION_AMENDMENT_02.txt	protocols/12_generalization_gap/GENERALIZATION_GAP_EXECUTION_AMENDMENT_02.txt	2085	4d84aa15fa0baf4e88a7bbe27d4e3752679be9dac6a18adb84b504a5ba7a6716
PUBLIC_PROTOCOL	12_posthoc_generalization_gap_v1/POSTHOC_GENERALIZATION_GAP_PROTOCOL_v1.txt	protocols/12_generalization_gap/POSTHOC_GENERALIZATION_GAP_PROTOCOL_v1.txt	3650	ac8457cd9d206299140c613dfe92d736d672965f87e08686daca67f6c2135fe7
PUBLIC_RESULTS	04_classical_baselines/legacyaux199_tfidf_v3/fold_metrics_v3.csv	results/04_classical_baselines/fold_metrics_v3.csv	3960	3faa80235eb3a9ce129e6ad1bc5161bc34ef89183a387fd0ea71c3a60eb6665a
PUBLIC_RESULTS	04_classical_baselines/legacyaux199_tfidf_v3/per_class_metrics_v3.csv	results/04_classical_baselines/per_class_metrics_v3.csv	6112	eb8c33467272150bf444880fdf1a3bf63a5eb81b2b71cef38553cc6ee15662ea
PUBLIC_RESULTS	06_supervised_analysis_v3/results_v3/analysis_summary_v3.json	results/06_supervised_analysis_v3/analysis_summary_v3.json	973	21d154ff71e667b71739b8e2d35f35b487e0acc6847043894053e7f67b6e6c05
PUBLIC_RESULTS	06_supervised_analysis_v3/results_v3/paired_inference_v3.csv	results/06_supervised_analysis_v3/paired_inference_v3.csv	818	9bb9913436240bf7fd269bd8190ca15ae22ec91d216bbf3cc23db5335730ac20
PUBLIC_RESULTS	06_supervised_analysis_v3/results_v3/per_class_metrics_v3.csv	results/06_supervised_analysis_v3/per_class_metrics_v3.csv	3716	c66041b8ec9dd3911c485af99c1c5d34590f02998754856b670ca3b8d47ba079
PUBLIC_RESULTS	06_supervised_analysis_v3/results_v3/seed_stability_v3.csv	results/06_supervised_analysis_v3/seed_stability_v3.csv	3483	244f7d1b64f195feffd6c08ebb822e1f7b68e19899a28d049a26d1daf3c73fcb
PUBLIC_RESULTS	06_supervised_analysis_v3/results_v3/task_metrics_v3.csv	results/06_supervised_analysis_v3/task_metrics_v3.csv	758	4ce7ad22546a75e266973081cdcf49af356f0346ff7f1c024597f4087a09b97e
PUBLIC_RESULTS	07_eve_frame_stage_a_no_event/comparison_results_v3/analysis_summary_v3.json	results/07_stage_a_no_event/analysis_summary_v3.json	1728	01baeceff6d04b47295062d536af346cc05bc27aee2d8a640eaf75aaeb60d4bc
PUBLIC_RESULTS	07_eve_frame_stage_a_no_event/comparison_results_v3/minority_class_recovery_summary_v3.csv	results/07_stage_a_no_event/minority_class_recovery_summary_v3.csv	156	05cec1082cbb3c919a0269dc2b845ba00d45056a35b2e8a57ae6696fef202ff4
PUBLIC_RESULTS	07_eve_frame_stage_a_no_event/comparison_results_v3/minority_class_recovery_v3.csv	results/07_stage_a_no_event/minority_class_recovery_v3.csv	901	dab102fad323c9e34ff04942c593535e6e85e9c8d24e1aa76b27416a621946b1
PUBLIC_RESULTS	07_eve_frame_stage_a_no_event/comparison_results_v3/paired_inference_stage_a_vs_base_v3.csv	results/07_stage_a_no_event/paired_inference_stage_a_vs_base_v3.csv	836	d27940df5202807c17fd8463eee212d98ed63db3db44029af49334286a0cb1d2
PUBLIC_RESULTS	07_eve_frame_stage_a_no_event/comparison_results_v3/per_class_metrics_comparison_v3.csv	results/07_stage_a_no_event/per_class_metrics_comparison_v3.csv	4205	f5ba1c75d33ecbafd8ae471a26f68ee20495106a62121b1670eee3d2e7af55c7
PUBLIC_RESULTS	07_eve_frame_stage_a_no_event/comparison_results_v3/seed_stability_comparison_v3.csv	results/07_stage_a_no_event/seed_stability_comparison_v3.csv	3761	74221c2ce06fa95fc9c1b451338cb8583f7f30da1e4f3daba229014ea2d084f4
PUBLIC_RESULTS	07_eve_frame_stage_a_no_event/comparison_results_v3/task_metrics_comparison_v3.csv	results/07_stage_a_no_event/task_metrics_comparison_v3.csv	809	7134b37654c899852dfe6f222749d5f16bc26401fad80509c398d16f479443bb
PUBLIC_RESULTS	08_eve_frame_stage_b_event_context/comparison_results_v3/analysis_summary_v3.json	results/08_stage_b_event_context/analysis_summary_v3.json	3705	4f47403d34abb9ed3beeeb6867ccfdbf814c0d7da71fe173816910580a062dd9
PUBLIC_RESULTS	08_eve_frame_stage_b_event_context/coverage_v3/event_context_coverage_summary_v3.csv	results/08_stage_b_event_context/event_context_coverage_summary_v3.csv	975	39b71f695629b264dc4034fd1d4620a8235b12ba69e8e12ec495188cfc800886
PUBLIC_RESULTS	08_eve_frame_stage_b_event_context/comparison_results_v3/paired_inference_stage_b_v3.csv	results/08_stage_b_event_context/paired_inference_stage_b_v3.csv	1783	71440ca9538c1520c490c2c07a22a969e5666da942aa14438e18b65ec459d275
PUBLIC_RESULTS	08_eve_frame_stage_b_event_context/comparison_results_v3/per_class_metrics_stage_b_v3.csv	results/08_stage_b_event_context/per_class_metrics_stage_b_v3.csv	6084	952ff97d9c4fa027c4735c25a92f00e98f645d170b4a396a7dc3b91a7a996ae5
PUBLIC_RESULTS	08_eve_frame_stage_b_event_context/control_maps_v3/permuted_context_mapping_summary_v3.csv	results/08_stage_b_event_context/permuted_context_mapping_summary_v3.csv	662	326aa3c683c957e48299352d4de7fb0328b467e0f8dc836d07d35775ffcd1481
PUBLIC_RESULTS	08_eve_frame_stage_b_event_context/comparison_results_v3/seed_stability_stage_b_v3.csv	results/08_stage_b_event_context/seed_stability_stage_b_v3.csv	5290	e26725ac247ed253a0b58cfe62c4706b6e0bd60263f1a8359a8383615bb21de9
PUBLIC_RESULTS	08_eve_frame_stage_b_event_context/comparison_results_v3/task_metrics_stage_b_v3.csv	results/08_stage_b_event_context/task_metrics_stage_b_v3.csv	1099	26bc4f3b8fe91965741a7c43ef514b470a576167883d4c0f41a36fb096d602b2
PUBLIC_RESULTS	08_eve_frame_stage_b_event_context/verified_context_v3/verified_context_summary_v3.csv	results/08_stage_b_event_context/verified_context_summary_v3.csv	1344	ab5920ef4b04304757338c6e2622b816e8ae95fc5c34d1bab6b8dacacd56a002
PUBLIC_RESULTS	09_eve_frame_v4_architecture_sensitivity/v4_confirmatory_analysis_v4/analysis_summary_v4.json	results/09_v4_architecture_sensitivity/analysis_summary_v4.json	2300	a701e4e303abce84b418b152f32966a5f15247d58bcf9aa56c08ad4f58517458
PUBLIC_RESULTS	09_eve_frame_v4_architecture_sensitivity/v4_confirmatory_analysis_v4/architecture_selection_v4.json	results/09_v4_architecture_sensitivity/architecture_selection_v4.json	644	4a6f40ce7baeb959ab3167786eec1f35827df57ed4ba24c87f80054022f17638
PUBLIC_RESULTS	09_eve_frame_v4_architecture_sensitivity/v4_confirmatory_analysis_v4/paired_inference_v4.csv	results/09_v4_architecture_sensitivity/paired_inference_v4.csv	3757	1b4e1545390bcc363c71140d53bc45b9cdfc0a63ff7de1cdd473fb6958976921
PUBLIC_RESULTS	09_eve_frame_v4_architecture_sensitivity/v4_confirmatory_analysis_v4/task_metrics_v4.csv	results/09_v4_architecture_sensitivity/task_metrics_v4.csv	1987	62aa547d5167ec73686dc79952f5fb3c5ab9140e3b61127f309e0bca3f360df4
PUBLIC_RESULTS	10_eventgold_final_evaluation/eventgold35_supervised_extension_final_results_v1/eventgold35_supervised_extension_confusion_matrix_long_v1.csv	results/10_eventgold_final_evaluation/eventgold35_supervised_extension_confusion_matrix_long_v1.csv	10849	5ef5922ac3bbb0183d1a01edf7bf8f46918212cceaadcb74638b870a5315d34d
PUBLIC_RESULTS	10_eventgold_final_evaluation/eventgold35_supervised_extension_final_results_v1/eventgold35_supervised_extension_metrics_v1.csv	results/10_eventgold_final_evaluation/eventgold35_supervised_extension_metrics_v1.csv	577	e6df089edec08a94b92f86d3d44a6679b80173cbc656816a8eeb55b32e02475c
PUBLIC_RESULTS	10_eventgold_final_evaluation/eventgold35_supervised_extension_final_results_v1/eventgold35_supervised_extension_per_class_metrics_v1.csv	results/10_eventgold_final_evaluation/eventgold35_supervised_extension_per_class_metrics_v1.csv	1517	76c707b6e50afc4a8ac073bdedb5db3b617d1d88d72856d44079d3f8044a863a
PUBLIC_RESULTS	10_eventgold_final_evaluation/eventgold35_supervised_extension_final_results_v1/eventgold35_supervised_extension_summary_v1.json	results/10_eventgold_final_evaluation/eventgold35_supervised_extension_summary_v1.json	1462	b57ad7438affc563f1698ba6b85196963426725441b0c9794e4889215b2fd557
PUBLIC_RESULTS	11_posthoc_representation_analysis_v1/results_v1/analysis_summary_v1.json	results/11_representation_topology/analysis_summary_v1.json	1669	cdb2d295258b61faf6b179c0169773a99475dabc8c0ccd56668fe4a5607e1a60
PUBLIC_RESULTS	11_posthoc_representation_analysis_v1/results_v1/global_geometry_comparison_v1.csv	results/11_representation_topology/global_geometry_comparison_v1.csv	281	5d078e59870a6de318913289cdadc5d962608ffa0fe7ab93969b2b3ebf75d3e3
PUBLIC_RESULTS	11_posthoc_representation_analysis_v1/results_v1/joint_pca_variance_v1.csv	results/11_representation_topology/joint_pca_variance_v1.csv	479	65485b46ea033f910cb3257d85fa908f53b0454d33401216c45ecb5a65887375
PUBLIC_RESULTS	11_posthoc_representation_analysis_v1/results_v1/paired_topology_stability_summary_v1.csv	results/11_representation_topology/paired_topology_stability_summary_v1.csv	900	2e6b4610871c718719e13bf61ff0f3d908130479caa84206f100d75e3a3b11da
PUBLIC_RESULTS	11_posthoc_representation_analysis_v1/results_v1/persistence_diagram_distances_v1.csv	results/11_representation_topology/persistence_diagram_distances_v1.csv	164	98287728b4e5a5abd79da9f2d3e9ace4357a2c670497cc8aa593e5473134d2b8
PUBLIC_RESULTS	11_posthoc_representation_analysis_v1/results_v1/persistent_homology_summary_v1.csv	results/11_representation_topology/persistent_homology_summary_v1.csv	988	e243325b7e01ed191e86934d0ee876a4c51879f4c9214dec93899647c68dd304
PUBLIC_RESULTS	11_posthoc_representation_analysis_v1/results_v1/spectral_geometry_summary_v1.csv	results/11_representation_topology/spectral_geometry_summary_v1.csv	378	b2e6416c0b968c461985af5841ae86c8f02ea5d1062795ae4dfbd1213d752a93
PUBLIC_RESULTS	12_posthoc_generalization_gap_v1/results_v1/analysis_summary_v1.json	results/12_generalization_gap/analysis_summary_v1.json	2099	66158a0c72f08b29d5dad828bbf6d0e41ee1ba198ae56763fab1889c1a6da638
PUBLIC_RESULTS	12_posthoc_generalization_gap_v1/results_v1/label_composition_summary_v1.csv	results/12_generalization_gap/label_composition_summary_v1.csv	224	c9660dc1b5addfb97b1c177807f6412c61046372d5dbe3640a03dbc6448c2fae
PUBLIC_RESULTS	12_posthoc_generalization_gap_v1/results_v1/label_composition_v1.csv	results/12_generalization_gap/label_composition_v1.csv	2543	e48f0625b1e437153c45b256c8c7dffff69a9824f73d5e35305a77297efa5ccb
PUBLIC_RESULTS	12_posthoc_generalization_gap_v1/results_v1/per_class_generalization_v1.csv	results/12_generalization_gap/per_class_generalization_v1.csv	2787	f959faf527b89b16b293f26bf946e9f6cd5dd171fb4e1c1bbd8e08f9abfe28a5
PUBLIC_RESULTS	12_posthoc_generalization_gap_v1/results_v1/performance_gap_summary_v1.csv	results/12_generalization_gap/performance_gap_summary_v1.csv	2105	7ca5051890bb0d6bcb74d659355d9afc902df3a54dc8b388858b13cb47bb78d6
PUBLIC_RESULTS	12_posthoc_generalization_gap_v1/results_v1/predictive_uncertainty_v1.csv	results/12_generalization_gap/predictive_uncertainty_v1.csv	481	08365848efd7fa492e1df09be2c29f6d34e88df23581c636c9dfcefe4bda528c
PUBLIC_SUPPLEMENT	05_supervised_transformers/frozen_foldsafe_axis_ablation_v3/axis_ablation_gap_recovery_v3.csv	results/05_representation_diagnostics/axis_ablation/axis_ablation_gap_recovery_v3.csv	1748	5a88ea806c6f365e29800248c6250ce9e2cac34f32caf293d4153153e91865fe
PUBLIC_SUPPLEMENT	05_supervised_transformers/frozen_foldsafe_axis_ablation_v3/axis_ablation_summary_v3.csv	results/05_representation_diagnostics/axis_ablation/axis_ablation_summary_v3.csv	1493	30d4d503931c74ff67e06cc9bdb52c50d303a53cabce988aef44d1ade82a9e2a
PUBLIC_SUPPLEMENT	05_supervised_transformers/frozen_foldsafe_axis_ablation_v3/heldout_axis_strength_summary_v3.csv	results/05_representation_diagnostics/axis_ablation/heldout_axis_strength_summary_v3.csv	391	ca7c87efb669d6c575ab8b5ecb017021fafbbdb7652250e61563e591a73bc1e7
PUBLIC_SUPPLEMENT	05_supervised_transformers/permutation_axis_negative_control_v3/permutation_axis_null_checkpoint_v3.csv	results/05_representation_diagnostics/axis_ablation/permutation_axis_null_checkpoint_v3.csv	37867	ab61c192b7b042ffce49fda0365e164f5765c19619d240a2f555803b27f629be
PUBLIC_SUPPLEMENT	05_supervised_transformers/frozen_latent_geometry_v3/global_neighbor_retention_v3.csv	results/05_representation_diagnostics/latent_geometry/global_neighbor_retention_v3.csv	207	8c7715e9b39aa0626c5bde1c643db3643b21df860bb63bdf0fb01f5e3a0b705e
PUBLIC_SUPPLEMENT	05_supervised_transformers/frozen_latent_geometry_v3/latent_geometry_DAPT_minus_BASE_v3.csv	results/05_representation_diagnostics/latent_geometry/latent_geometry_DAPT_minus_BASE_v3.csv	1616	069518d01563f220f7d5505ac0e3cfda2117edb7eeeacd9ba4082b480cc886ba
PUBLIC_SUPPLEMENT	05_supervised_transformers/frozen_latent_geometry_v3/latent_geometry_summary_v3.csv	results/05_representation_diagnostics/latent_geometry/latent_geometry_summary_v3.csv	2468	3ea27b5f78e1f2f3600d655d1db989e50083e2be587450ba77e2d2a8e03af9ce
PUBLIC_SUPPLEMENT	05_supervised_transformers/frozen_latent_geometry_v3/local_margin_bootstrap_v3.csv	results/05_representation_diagnostics/latent_geometry/local_margin_bootstrap_v3.csv	681	d4f961b52237dafdfc39517b688575e44a02f5726d297d726b7ebc457abc278e
PUBLIC_SUPPLEMENT	05_supervised_transformers/threeway_representation_probe_v3/paired_inference_v3/paired_stratified_bootstrap_summary_v3.csv	results/05_representation_diagnostics/probe/paired_stratified_bootstrap_summary_v3.csv	3629	98cc403f6fa6f6cc40162f37d2aff1446a0f9621642d4d545c7346aefa11ea6c
PUBLIC_SUPPLEMENT	05_supervised_transformers/threeway_representation_probe_v3/transformer_probe_summary_v3.csv	results/05_representation_diagnostics/probe/transformer_probe_summary_v3.csv	765	6ba2ad248d474f3dd844fae60540a43c666736d47ed6dfcebc691607e286eade
PUBLIC_SUPPLEMENT	10_eventgold_final_evaluation/eventgold35_supervised_extension_v1/EventGold35_ADJUDICATION_AND_FINAL_GOLD_REPORT_v1.txt	results/10_eventgold_final_evaluation/EventGold35_ADJUDICATION_AND_FINAL_GOLD_REPORT_v1.txt	1166	c387103ca9486dd3a785cbbfbc6f0a64c60b37f940e7b6f7bfb337f759e2c07c
PUBLIC_SUPPLEMENT	10_eventgold_final_evaluation/eventgold35_supervised_extension_v1/EventGold35_INTERANNOTATOR_AGREEMENT_AFTER_RECHECK_REPORT_v1.txt	results/10_eventgold_final_evaluation/EventGold35_INTERANNOTATOR_AGREEMENT_AFTER_RECHECK_REPORT_v1.txt	664	8925e643ce2b96df2fcc4f243a8dc58c63cab96a9540598f0b75bcca048f8a82
PUBLIC_SUPPLEMENT	10_eventgold_final_evaluation/eventgold35_supervised_extension_v1/EventGold35_INTERANNOTATOR_AGREEMENT_AFTER_RECHECK_v1.csv	results/10_eventgold_final_evaluation/EventGold35_INTERANNOTATOR_AGREEMENT_AFTER_RECHECK_v1.csv	240	c2fa4195c55cfc6a13401e3931dade2e1f9d896ab4d2ddba99eaaba5910d5217
PUBLIC_SUPPLEMENT	10_eventgold_final_evaluation/eventgold35_supervised_extension_v1/EventGold35_SUPERVISED_EXTENSION_FINAL_GOLD_QC_v1.json	results/10_eventgold_final_evaluation/EventGold35_SUPERVISED_EXTENSION_FINAL_GOLD_QC_v1.json	1187	584f369acc299eb60357bf19b2588d8e767a9c6c02578118d0c3edf814e38fd6
PUBLIC_SUPPLEMENT	11_posthoc_representation_analysis_v1/bottleneck_validation_v1/results_v1/analytic_unit_tests_v1.csv	results/11_representation_topology/bottleneck_validation/analytic_unit_tests_v1.csv	199	5aa297eb252e691fe1134b5482e3157df608587806283061be5614b2803227fb
PUBLIC_SUPPLEMENT	11_posthoc_representation_analysis_v1/bottleneck_validation_v1/results_v1/bottleneck_validation_summary_v1.json	results/11_representation_topology/bottleneck_validation/bottleneck_validation_summary_v1.json	1178	56c27495c1eb137a06729b8f6cf140bb50587a731fb9a5f16e10da44eff1c99a
PUBLIC_SUPPLEMENT	11_posthoc_representation_analysis_v1/bottleneck_validation_v1/results_v1/independent_bottleneck_validation_v1.csv	results/11_representation_topology/bottleneck_validation/independent_bottleneck_validation_v1.csv	403	4a5f0c45d4541f79812d25eec9bd957212ef5a255d3f2f564caab24306d6b785
