system,task,seed,n_articles,macro_f1,balanced_accuracy,accuracy,weighted_f1
STAGE_A_NO_EVENT,primary_frame,11,199,0.4284671437124708,0.44366900544436777,0.5778894472361809,0.5567852636871797
STAGE_A_NO_EVENT,primary_frame,29,199,0.2407810525457584,0.2665741417339883,0.35175879396984927,0.3431930350050362
STAGE_A_NO_EVENT,primary_frame,47,199,0.31467129618741985,0.32582195519109414,0.47738693467336685,0.45807441221977413
STAGE_A_NO_EVENT,primary_frame,83,199,0.43883784969005507,0.44249409103415926,0.6080402010050251,0.5977014046829408
STAGE_A_NO_EVENT,primary_frame,131,199,0.34140131462991935,0.36298247157155944,0.5025125628140703,0.47453681061544295
STAGE_A_NO_EVENT,stance,11,199,0.4622222222222222,0.5980181121560432,0.4723618090452261,0.4353433835845896
STAGE_A_NO_EVENT,stance,29,199,0.48010260142414773,0.5607105538140021,0.49748743718592964,0.5091962014791627
STAGE_A_NO_EVENT,stance,47,199,0.367810520303106,0.5143486590038314,0.38190954773869346,0.33438716231996213
STAGE_A_NO_EVENT,stance,83,199,0.4313991380346929,0.6202055033089515,0.44221105527638194,0.3574955205334874
STAGE_A_NO_EVENT,stance,131,199,0.4452826043971429,0.5442911877394636,0.457286432160804,0.46604421918210126
STAGE_A_NO_EVENT,misinformation_relation,11,199,0.5729963575589647,0.6140350877192983,0.6432160804020101,0.6651993228305321
STAGE_A_NO_EVENT,misinformation_relation,29,199,0.5598311903268025,0.5979166666666667,0.6381909547738693,0.6512288953133758
STAGE_A_NO_EVENT,misinformation_relation,47,199,0.5609888258090904,0.6030701754385965,0.6432160804020101,0.6472245937912425
STAGE_A_NO_EVENT,misinformation_relation,83,199,0.5525445116681071,0.5830043859649123,0.6633165829145728,0.6580324266101467
STAGE_A_NO_EVENT,misinformation_relation,131,199,0.4347872414984614,0.49901315789473677,0.5125628140703518,0.5085444401111592
VERIFIED_CONTEXT,primary_frame,11,199,0.42261001367714307,0.44429953946151723,0.5829145728643216,0.5575303144253683
VERIFIED_CONTEXT,primary_frame,29,199,0.2581987013294075,0.2821877946025431,0.38190954773869346,0.3738016795121525
VERIFIED_CONTEXT,primary_frame,47,199,0.30205967892990887,0.31907073618497317,0.4723618090452261,0.44274074302842187
VERIFIED_CONTEXT,primary_frame,83,199,0.4260685504259556,0.4234342368187211,0.592964824120603,0.581963618740219
VERIFIED_CONTEXT,primary_frame,131,199,0.34425427851815354,0.36545160737402854,0.5025125628140703,0.4766049837508827
VERIFIED_CONTEXT,stance,11,199,0.4813704512176499,0.5835057471264367,0.48743718592964824,0.4732179867005097
VERIFIED_CONTEXT,stance,29,199,0.4675230566534914,0.5780790665273423,0.457286432160804,0.4572169146125886
VERIFIED_CONTEXT,stance,47,199,0.40709850480635834,0.5322849181469871,0.4221105527638191,0.4077659276293519
VERIFIED_CONTEXT,stance,83,199,0.4311932130074875,0.5931400208986417,0.44221105527638194,0.3991547995339762
VERIFIED_CONTEXT,stance,131,199,0.4511592111592112,0.5596691048415185,0.457286432160804,0.4649050930457965
VERIFIED_CONTEXT,misinformation_relation,11,199,0.5897775423728814,0.6333333333333333,0.6532663316582915,0.6737406429511019
VERIFIED_CONTEXT,misinformation_relation,29,199,0.5386389265180657,0.5857456140350876,0.5979899497487438,0.6167830767562037
VERIFIED_CONTEXT,misinformation_relation,47,199,0.5005213424568263,0.5491228070175438,0.5577889447236181,0.5601549618408105
VERIFIED_CONTEXT,misinformation_relation,83,199,0.5698594372961218,0.5970394736842105,0.6683417085427136,0.6654097781404303
VERIFIED_CONTEXT,misinformation_relation,131,199,0.4361843885281385,0.49703947368421053,0.5276381909547738,0.5213255128456135
PERMUTED_CONTEXT,primary_frame,11,199,0.4337536512724344,0.45221056216367383,0.592964824120603,0.5703649710324094
PERMUTED_CONTEXT,primary_frame,29,199,0.25666244168091285,0.2796716915429618,0.38190954773869346,0.374630443928597
PERMUTED_CONTEXT,primary_frame,47,199,0.3099199404490627,0.32694110655534353,0.4824120603015075,0.4509424412189468
PERMUTED_CONTEXT,primary_frame,83,199,0.39485353998230116,0.3935296824043627,0.5678391959798995,0.5516953171283102
PERMUTED_CONTEXT,primary_frame,131,199,0.3628096088087875,0.3778442536434864,0.507537688442211,0.49061899295248934
PERMUTED_CONTEXT,stance,11,199,0.4790920510501457,0.5922657610588644,0.4824120603015075,0.46094847163159786
PERMUTED_CONTEXT,stance,29,199,0.5218809589869585,0.6558585858585859,0.5125628140703518,0.508777018153463
PERMUTED_CONTEXT,stance,47,199,0.39847522500873894,0.5254406130268199,0.4120603015075377,0.3948642109294777
PERMUTED_CONTEXT,stance,83,199,0.4254619204904807,0.5935423197492163,0.4371859296482412,0.38471867332469856
PERMUTED_CONTEXT,stance,131,199,0.44309555652337124,0.5634291187739463,0.4472361809045226,0.45256749946444774
PERMUTED_CONTEXT,misinformation_relation,11,199,0.5897775423728814,0.6333333333333333,0.6532663316582915,0.6737406429511019
PERMUTED_CONTEXT,misinformation_relation,29,199,0.5503841607565012,0.5936403508771929,0.6130653266331658,0.632203571046723
PERMUTED_CONTEXT,misinformation_relation,47,199,0.4920301017297263,0.5438596491228069,0.5477386934673367,0.5514243661425127
PERMUTED_CONTEXT,misinformation_relation,83,199,0.566426602739342,0.5944078947368421,0.6633165829145728,0.6598432602653819
PERMUTED_CONTEXT,misinformation_relation,131,199,0.45247505027344725,0.5095394736842105,0.5326633165829145,0.5277314798758536
