system,task,n_articles,n_classes,macro_f1,balanced_accuracy,accuracy,weighted_f1
STAGE_A_NO_EVENT,primary_frame,199,9,0.4539360175801823,0.4763321673274785,0.6231155778894473,0.5988156293070451
STAGE_A_NO_EVENT,stance,199,5,0.4698271747934443,0.5924416579588994,0.48743718592964824,0.47375701278946486
STAGE_A_NO_EVENT,misinformation_relation,199,4,0.5693613561924165,0.6083333333333334,0.6532663316582915,0.6558829851554208
VERIFIED_CONTEXT,primary_frame,199,9,0.4356589149434375,0.4561653969156101,0.6180904522613065,0.5883854048353293
VERIFIED_CONTEXT,stance,199,5,0.486441703648609,0.6274416579588994,0.49246231155778897,0.4770210349117446
VERIFIED_CONTEXT,misinformation_relation,199,4,0.6138364686419606,0.6526315789473685,0.678391959798995,0.684935171463925
PERMUTED_CONTEXT,primary_frame,199,9,0.43708647597934086,0.46155856867706824,0.6180904522613065,0.5867060270629516
PERMUTED_CONTEXT,stance,199,5,0.4834993964925568,0.6255973528387322,0.48743718592964824,0.46877169453503426
PERMUTED_CONTEXT,misinformation_relation,199,4,0.5982742482742482,0.6375,0.6683417085427136,0.6739608890362659
